,Idx,Electrophile,azo_rxn,nitro_rxn,mal_rxn,R1,R2,R3,R4
0,0,O=C(C(Cl)=C(Cl)Cl)c1ccccc1,1000,256,256,Cl,Cl,Cl,Ph
1,1,COC(=O)/C(C)=C(\C)c1ccccc1,100,607,607,Ph,Me,Me,OMe
2,2,CNC(=O)/C(C)=C(\C)c1ccccc1,101,604,604,Ph,Me,Me,NHMe
3,3,CC(=O)C=C(c1ccccc1)c1ccccc1,10,753,753,Ph,Ph,H,Me
4,4,C/C(C(=O)N(C)C)=C(/C)c1ccccc1,102,606,606,Ph,Me,Me,NMe2
5,5,C/C(C(=O)Nc1ccccc1)=C(/C)c1ccccc1,103,605,605,Ph,Me,Me,NHPh
6,6,C/C(C(=O)c1ccccc1)=C(/C)c1ccccc1,104,608,608,Ph,Me,Me,Ph
7,7,C/C(=C(/Br)C=O)c1ccccc1,105,618,618,Ph,Me,Br,H
8,8,CC(=O)/C(Br)=C(\C)c1ccccc1,106,617,617,Ph,Me,Br,Me
9,9,C/C(=C(/Br)C(N)=O)c1ccccc1,107,619,619,Ph,Me,Br,NH2
10,10,COC(=O)/C(Br)=C(\C)c1ccccc1,108,623,623,Ph,Me,Br,OMe
11,11,CNC(=O)/C(Br)=C(\C)c1ccccc1,109,620,620,Ph,Me,Br,NHMe
12,12,C/C(=C(/Br)C(=O)N(C)C)c1ccccc1,110,622,622,Ph,Me,Br,NMe2
13,13,C/C(=C(/Br)C(=O)Nc1ccccc1)c1ccccc1,111,621,621,Ph,Me,Br,NHPh
14,14,NC(=O)C=C(c1ccccc1)c1ccccc1,11,755,755,Ph,Ph,H,NH2
15,15,C/C(=C(/Br)C(=O)c1ccccc1)c1ccccc1,112,624,624,Ph,Me,Br,Ph
16,16,C/C(=C(/Cl)C=O)c1ccccc1,113,610,610,Ph,Me,Cl,H
17,17,CC(=O)/C(Cl)=C(\C)c1ccccc1,114,609,609,Ph,Me,Cl,Me
18,18,C/C(=C(/Cl)C(N)=O)c1ccccc1,115,611,611,Ph,Me,Cl,NH2
19,19,COC(=O)/C(Cl)=C(\C)c1ccccc1,116,615,615,Ph,Me,Cl,OMe
20,20,CNC(=O)/C(Cl)=C(\C)c1ccccc1,117,612,612,Ph,Me,Cl,NHMe
21,21,C/C(=C(/Cl)C(=O)N(C)C)c1ccccc1,118,614,614,Ph,Me,Cl,NMe2
22,22,C/C(=C(/Cl)C(=O)Nc1ccccc1)c1ccccc1,119,613,613,Ph,Me,Cl,NHPh
23,23,O=CC(=C(c1ccccc1)c1ccccc1)c1ccccc1,1,746,746,Ph,Ph,Ph,H
24,24,C/C(=C(/Cl)C(=O)c1ccccc1)c1ccccc1,120,616,616,Ph,Me,Cl,Ph
25,25,COC(=O)C=C(c1ccccc1)c1ccccc1,12,759,759,Ph,Ph,H,OMe
26,26,O=C/C(=C(\Br)c1ccccc1)c1ccccc1,121,706,706,Ph,Br,Ph,H
27,27,CC(=O)/C(=C(\Br)c1ccccc1)c1ccccc1,122,705,705,Ph,Br,Ph,Me
28,28,NC(=O)/C(=C(\Br)c1ccccc1)c1ccccc1,123,707,707,Ph,Br,Ph,NH2
29,29,COC(=O)/C(=C(\Br)c1ccccc1)c1ccccc1,124,711,711,Ph,Br,Ph,OMe
30,30,CNC(=O)/C(=C(\Br)c1ccccc1)c1ccccc1,125,708,708,Ph,Br,Ph,NHMe
31,31,CN(C)C(=O)/C(=C(\Br)c1ccccc1)c1ccccc1,126,710,710,Ph,Br,Ph,NMe2
32,32,O=C(Nc1ccccc1)/C(=C(\Br)c1ccccc1)c1ccccc1,127,709,709,Ph,Br,Ph,NHPh
33,33,O=C(/C(=C(\Br)c1ccccc1)c1ccccc1)c1ccccc1,128,712,712,Ph,Br,Ph,Ph
34,34,O=C/C=C(\Br)c1ccccc1,129,714,714,Ph,Br,H,H
35,35,CC(=O)/C=C(\Br)c1ccccc1,130,713,713,Ph,Br,H,Me
36,36,NC(=O)/C=C(\Br)c1ccccc1,131,715,715,Ph,Br,H,NH2
37,37,CNC(=O)C=C(c1ccccc1)c1ccccc1,13,756,756,Ph,Ph,H,NHMe
38,38,COC(=O)/C=C(\Br)c1ccccc1,132,719,719,Ph,Br,H,OMe
39,39,CNC(=O)/C=C(\Br)c1ccccc1,133,716,716,Ph,Br,H,NHMe
40,40,CN(C)C(=O)/C=C(\Br)c1ccccc1,134,718,718,Ph,Br,H,NMe2
41,41,O=C(/C=C(\Br)c1ccccc1)Nc1ccccc1,135,717,717,Ph,Br,H,NHPh
42,42,O=C(/C=C(\Br)c1ccccc1)c1ccccc1,136,720,720,Ph,Br,H,Ph
43,43,C/C(C=O)=C(/Br)c1ccccc1,137,682,682,Ph,Br,Me,H
44,44,CC(=O)/C(C)=C(\Br)c1ccccc1,138,681,681,Ph,Br,Me,Me
45,45,C/C(C(N)=O)=C(/Br)c1ccccc1,139,683,683,Ph,Br,Me,NH2
46,46,COC(=O)/C(C)=C(\Br)c1ccccc1,140,687,687,Ph,Br,Me,OMe
47,47,CNC(=O)/C(C)=C(\Br)c1ccccc1,141,684,684,Ph,Br,Me,NHMe
48,48,CN(C)C(=O)C=C(c1ccccc1)c1ccccc1,14,758,758,Ph,Ph,H,NMe2
49,49,C/C(C(=O)N(C)C)=C(/Br)c1ccccc1,142,686,686,Ph,Br,Me,NMe2
50,50,C/C(C(=O)Nc1ccccc1)=C(/Br)c1ccccc1,143,685,685,Ph,Br,Me,NHPh
51,51,C/C(C(=O)c1ccccc1)=C(/Br)c1ccccc1,144,688,688,Ph,Br,Me,Ph
52,52,O=C/C(Br)=C(\Br)c1ccccc1,145,698,698,Ph,Br,Br,H
53,53,CC(=O)/C(Br)=C(\Br)c1ccccc1,146,697,697,Ph,Br,Br,Me
54,54,NC(=O)/C(Br)=C(\Br)c1ccccc1,147,699,699,Ph,Br,Br,NH2
55,55,COC(=O)/C(Br)=C(\Br)c1ccccc1,148,703,703,Ph,Br,Br,OMe
56,56,CNC(=O)/C(Br)=C(\Br)c1ccccc1,149,700,700,Ph,Br,Br,NHMe
57,57,CN(C)C(=O)/C(Br)=C(\Br)c1ccccc1,150,702,702,Ph,Br,Br,NMe2
58,58,O=C(Nc1ccccc1)/C(Br)=C(\Br)c1ccccc1,151,701,701,Ph,Br,Br,NHPh
59,59,O=C(/C(Br)=C(\Br)c1ccccc1)c1ccccc1,152,704,704,Ph,Br,Br,Ph
60,60,O=C/C(Cl)=C(\Br)c1ccccc1,153,690,690,Ph,Br,Cl,H
61,61,CC(=O)/C(Cl)=C(\Br)c1ccccc1,154,689,689,Ph,Br,Cl,Me
62,62,O=C(C=C(c1ccccc1)c1ccccc1)Nc1ccccc1,15,757,757,Ph,Ph,H,NHPh
63,63,NC(=O)/C(Cl)=C(\Br)c1ccccc1,155,691,691,Ph,Br,Cl,NH2
64,64,COC(=O)/C(Cl)=C(\Br)c1ccccc1,156,695,695,Ph,Br,Cl,OMe
65,65,CNC(=O)/C(Cl)=C(\Br)c1ccccc1,157,692,692,Ph,Br,Cl,NHMe
66,66,CN(C)C(=O)/C(Cl)=C(\Br)c1ccccc1,158,694,694,Ph,Br,Cl,NMe2
67,67,O=C(Nc1ccccc1)/C(Cl)=C(\Br)c1ccccc1,159,693,693,Ph,Br,Cl,NHPh
68,68,O=C(/C(Cl)=C(\Br)c1ccccc1)c1ccccc1,160,696,696,Ph,Br,Cl,Ph
69,69,O=C/C(=C(\Cl)c1ccccc1)c1ccccc1,161,666,666,Ph,Cl,Ph,H
70,70,O=C(C=C(c1ccccc1)c1ccccc1)c1ccccc1,16,760,760,Ph,Ph,H,Ph
71,71,CC(=O)/C(=C(\Cl)c1ccccc1)c1ccccc1,162,665,665,Ph,Cl,Ph,Me
72,72,NC(=O)/C(=C(\Cl)c1ccccc1)c1ccccc1,163,667,667,Ph,Cl,Ph,NH2
73,73,COC(=O)/C(=C(\Cl)c1ccccc1)c1ccccc1,164,671,671,Ph,Cl,Ph,OMe
74,74,CNC(=O)/C(=C(\Cl)c1ccccc1)c1ccccc1,165,668,668,Ph,Cl,Ph,NHMe
75,75,CN(C)C(=O)/C(=C(\Cl)c1ccccc1)c1ccccc1,166,670,670,Ph,Cl,Ph,NMe2
76,76,O=C(Nc1ccccc1)/C(=C(\Cl)c1ccccc1)c1ccccc1,167,669,669,Ph,Cl,Ph,NHPh
77,77,O=C(/C(=C(\Cl)c1ccccc1)c1ccccc1)c1ccccc1,168,672,672,Ph,Cl,Ph,Ph
78,78,O=C/C=C(\Cl)c1ccccc1,169,674,674,Ph,Cl,H,H
79,79,CC(=O)/C=C(\Cl)c1ccccc1,170,673,673,Ph,Cl,H,Me
80,80,NC(=O)/C=C(\Cl)c1ccccc1,171,675,675,Ph,Cl,H,NH2
81,81,CC(C=O)=C(c1ccccc1)c1ccccc1,17,722,722,Ph,Ph,Me,H
82,82,COC(=O)/C=C(\Cl)c1ccccc1,172,679,679,Ph,Cl,H,OMe
83,83,CNC(=O)/C=C(\Cl)c1ccccc1,173,676,676,Ph,Cl,H,NHMe
84,84,CN(C)C(=O)/C=C(\Cl)c1ccccc1,174,678,678,Ph,Cl,H,NMe2
85,85,O=C(/C=C(\Cl)c1ccccc1)Nc1ccccc1,175,677,677,Ph,Cl,H,NHPh
86,86,O=C(/C=C(\Cl)c1ccccc1)c1ccccc1,176,680,680,Ph,Cl,H,Ph
87,87,C/C(C=O)=C(/Cl)c1ccccc1,177,642,642,Ph,Cl,Me,H
88,88,CC(=O)/C(C)=C(\Cl)c1ccccc1,178,641,641,Ph,Cl,Me,Me
89,89,C/C(C(N)=O)=C(/Cl)c1ccccc1,179,643,643,Ph,Cl,Me,NH2
90,90,COC(=O)/C(C)=C(\Cl)c1ccccc1,180,647,647,Ph,Cl,Me,OMe
91,91,CC(=O)C(C)=C(c1ccccc1)c1ccccc1,18,721,721,Ph,Ph,Me,Me
92,92,CNC(=O)/C(C)=C(\Cl)c1ccccc1,181,644,644,Ph,Cl,Me,NHMe
93,93,C/C(C(=O)N(C)C)=C(/Cl)c1ccccc1,182,646,646,Ph,Cl,Me,NMe2
94,94,C/C(C(=O)Nc1ccccc1)=C(/Cl)c1ccccc1,183,645,645,Ph,Cl,Me,NHPh
95,95,C/C(C(=O)c1ccccc1)=C(/Cl)c1ccccc1,184,648,648,Ph,Cl,Me,Ph
96,96,O=C/C(Br)=C(\Cl)c1ccccc1,185,658,658,Ph,Cl,Br,H
97,97,CC(=O)/C(Br)=C(\Cl)c1ccccc1,186,657,657,Ph,Cl,Br,Me
98,98,NC(=O)/C(Br)=C(\Cl)c1ccccc1,187,659,659,Ph,Cl,Br,NH2
99,99,COC(=O)/C(Br)=C(\Cl)c1ccccc1,188,663,663,Ph,Cl,Br,OMe
100,100,CNC(=O)/C(Br)=C(\Cl)c1ccccc1,189,660,660,Ph,Cl,Br,NHMe
101,101,CN(C)C(=O)/C(Br)=C(\Cl)c1ccccc1,190,662,662,Ph,Cl,Br,NMe2
102,102,CC(C(N)=O)=C(c1ccccc1)c1ccccc1,19,723,723,Ph,Ph,Me,NH2
103,103,O=C(Nc1ccccc1)/C(Br)=C(\Cl)c1ccccc1,191,661,661,Ph,Cl,Br,NHPh
104,104,O=C(/C(Br)=C(\Cl)c1ccccc1)c1ccccc1,192,664,664,Ph,Cl,Br,Ph
105,105,O=C/C(Cl)=C(\Cl)c1ccccc1,193,650,650,Ph,Cl,Cl,H
106,106,CC(=O)/C(Cl)=C(\Cl)c1ccccc1,194,649,649,Ph,Cl,Cl,Me
107,107,NC(=O)/C(Cl)=C(\Cl)c1ccccc1,195,651,651,Ph,Cl,Cl,NH2
108,108,COC(=O)/C(Cl)=C(\Cl)c1ccccc1,196,655,655,Ph,Cl,Cl,OMe
109,109,CNC(=O)/C(Cl)=C(\Cl)c1ccccc1,197,652,652,Ph,Cl,Cl,NHMe
110,110,CN(C)C(=O)/C(Cl)=C(\Cl)c1ccccc1,198,654,654,Ph,Cl,Cl,NMe2
111,111,O=C(Nc1ccccc1)/C(Cl)=C(\Cl)c1ccccc1,199,653,653,Ph,Cl,Cl,NHPh
112,112,O=C(/C(Cl)=C(\Cl)c1ccccc1)c1ccccc1,200,656,656,Ph,Cl,Cl,Ph
113,113,O=C/C(=C\c1ccccc1)c1ccccc1,201,946,946,H,Ph,Ph,H
114,114,COC(=O)C(C)=C(c1ccccc1)c1ccccc1,20,727,727,Ph,Ph,Me,OMe
115,115,CC(=O)/C(=C\c1ccccc1)c1ccccc1,202,945,945,H,Ph,Ph,Me
116,116,NC(=O)/C(=C\c1ccccc1)c1ccccc1,203,947,947,H,Ph,Ph,NH2
117,117,COC(=O)/C(=C\c1ccccc1)c1ccccc1,204,951,951,H,Ph,Ph,OMe
118,118,CNC(=O)/C(=C\c1ccccc1)c1ccccc1,205,948,948,H,Ph,Ph,NHMe
119,119,CN(C)C(=O)/C(=C\c1ccccc1)c1ccccc1,206,950,950,H,Ph,Ph,NMe2
120,120,O=C(Nc1ccccc1)/C(=C\c1ccccc1)c1ccccc1,207,949,949,H,Ph,Ph,NHPh
121,121,O=C(/C(=C\c1ccccc1)c1ccccc1)c1ccccc1,208,952,952,H,Ph,Ph,Ph
122,122,O=C/C=C\c1ccccc1,209,954,954,H,Ph,H,H
123,123,CC(=O)C(=C(c1ccccc1)c1ccccc1)c1ccccc1,2,745,745,Ph,Ph,Ph,Me
124,124,CC(=O)/C=C\c1ccccc1,210,953,953,H,Ph,H,Me
125,125,NC(=O)/C=C\c1ccccc1,211,955,955,H,Ph,H,NH2
126,126,CNC(=O)C(C)=C(c1ccccc1)c1ccccc1,21,724,724,Ph,Ph,Me,NHMe
127,127,COC(=O)/C=C\c1ccccc1,212,959,959,H,Ph,H,OMe
128,128,CNC(=O)/C=C\c1ccccc1,213,956,956,H,Ph,H,NHMe
129,129,CN(C)C(=O)/C=C\c1ccccc1,214,958,958,H,Ph,H,NMe2
130,130,O=C(/C=C\c1ccccc1)Nc1ccccc1,215,957,957,H,Ph,H,NHPh
131,131,O=C(/C=C\c1ccccc1)c1ccccc1,216,960,960,H,Ph,H,Ph
132,132,C/C(C=O)=C/c1ccccc1,217,922,922,H,Ph,Me,H
133,133,CC(=O)/C(C)=C\c1ccccc1,218,921,921,H,Ph,Me,Me
134,134,C/C(=C/c1ccccc1)C(N)=O,219,923,923,H,Ph,Me,NH2
135,135,COC(=O)/C(C)=C\c1ccccc1,220,927,927,H,Ph,Me,OMe
136,136,CC(C(=O)N(C)C)=C(c1ccccc1)c1ccccc1,22,726,726,Ph,Ph,Me,NMe2
137,137,CNC(=O)/C(C)=C\c1ccccc1,221,924,924,H,Ph,Me,NHMe
138,138,C/C(=C/c1ccccc1)C(=O)N(C)C,222,926,926,H,Ph,Me,NMe2
139,139,C/C(=C/c1ccccc1)C(=O)Nc1ccccc1,223,925,925,H,Ph,Me,NHPh
140,140,C/C(=C/c1ccccc1)C(=O)c1ccccc1,224,928,928,H,Ph,Me,Ph
141,141,O=C/C(Br)=C\c1ccccc1,225,938,938,H,Ph,Br,H
142,142,CC(=O)/C(Br)=C\c1ccccc1,226,937,937,H,Ph,Br,Me
143,143,NC(=O)/C(Br)=C\c1ccccc1,227,939,939,H,Ph,Br,NH2
144,144,COC(=O)/C(Br)=C\c1ccccc1,228,943,943,H,Ph,Br,OMe
145,145,CNC(=O)/C(Br)=C\c1ccccc1,229,940,940,H,Ph,Br,NHMe
146,146,CN(C)C(=O)/C(Br)=C\c1ccccc1,230,942,942,H,Ph,Br,NMe2
147,147,O=C(Nc1ccccc1)/C(Br)=C\c1ccccc1,231,941,941,H,Ph,Br,NHPh
148,148,O=C(/C(Br)=C\c1ccccc1)c1ccccc1,232,944,944,H,Ph,Br,Ph
149,149,O=C/C(Cl)=C\c1ccccc1,233,930,930,H,Ph,Cl,H
150,150,CC(C(=O)Nc1ccccc1)=C(c1ccccc1)c1ccccc1,23,725,725,Ph,Ph,Me,NHPh
151,151,CC(=O)/C(Cl)=C\c1ccccc1,234,929,929,H,Ph,Cl,Me
152,152,NC(=O)/C(Cl)=C\c1ccccc1,235,931,931,H,Ph,Cl,NH2
153,153,COC(=O)/C(Cl)=C\c1ccccc1,236,935,935,H,Ph,Cl,OMe
154,154,CNC(=O)/C(Cl)=C\c1ccccc1,237,932,932,H,Ph,Cl,NHMe
155,155,CN(C)C(=O)/C(Cl)=C\c1ccccc1,238,934,934,H,Ph,Cl,NMe2
156,156,O=C(Nc1ccccc1)/C(Cl)=C\c1ccccc1,239,933,933,H,Ph,Cl,NHPh
157,157,O=C(/C(Cl)=C\c1ccccc1)c1ccccc1,240,936,936,H,Ph,Cl,Ph
158,158,C=C(C=O)c1ccccc1,241,986,986,H,H,Ph,H
159,159,CC(C(=O)c1ccccc1)=C(c1ccccc1)c1ccccc1,24,728,728,Ph,Ph,Me,Ph
160,160,C=C(C(C)=O)c1ccccc1,242,985,985,H,H,Ph,Me
161,161,C=C(C(N)=O)c1ccccc1,243,987,987,H,H,Ph,NH2
162,162,C=C(C(=O)OC)c1ccccc1,244,991,991,H,H,Ph,OMe
163,163,C=C(C(=O)NC)c1ccccc1,245,988,988,H,H,Ph,NHMe
164,164,C=C(C(=O)N(C)C)c1ccccc1,246,990,990,H,H,Ph,NMe2
165,165,C=C(C(=O)Nc1ccccc1)c1ccccc1,247,989,989,H,H,Ph,NHPh
166,166,C=C(C(=O)c1ccccc1)c1ccccc1,248,992,992,H,H,Ph,Ph
167,167,C=CC=O,249,994,994,H,H,H,H
168,168,C=CC(C)=O,250,993,993,H,H,H,Me
169,169,C=CC(N)=O,251,995,995,H,H,H,NH2
170,170,O=CC(Br)=C(c1ccccc1)c1ccccc1,25,738,738,Ph,Ph,Br,H
171,171,C=CC(=O)OC,252,999,999,H,H,H,OMe
172,172,C=CC(=O)NC,253,996,996,H,H,H,NHMe
173,173,C=CC(=O)N(C)C,254,998,998,H,H,H,NMe2
174,174,C=CC(=O)Nc1ccccc1,255,997,997,H,H,H,NHPh
175,175,C=CC(=O)c1ccccc1,256,1000,1000,H,H,H,Ph
176,176,C=C(C)C=O,257,962,962,H,H,Me,H
177,177,C=C(C)C(C)=O,258,961,961,H,H,Me,Me
178,178,C=C(C)C(N)=O,259,963,963,H,H,Me,NH2
179,179,C=C(C)C(=O)OC,260,967,967,H,H,Me,OMe
180,180,CC(=O)C(Br)=C(c1ccccc1)c1ccccc1,26,737,737,Ph,Ph,Br,Me
181,181,C=C(C)C(=O)NC,261,964,964,H,H,Me,NHMe
182,182,C=C(C)C(=O)N(C)C,262,966,966,H,H,Me,NMe2
183,183,C=C(C)C(=O)Nc1ccccc1,263,965,965,H,H,Me,NHPh
184,184,C=C(C)C(=O)c1ccccc1,264,968,968,H,H,Me,Ph
185,185,C=C(Br)C=O,265,978,978,H,H,Br,H
186,186,C=C(Br)C(C)=O,266,977,977,H,H,Br,Me
187,187,C=C(Br)C(N)=O,267,979,979,H,H,Br,NH2
188,188,C=C(Br)C(=O)OC,268,983,983,H,H,Br,OMe
189,189,C=C(Br)C(=O)NC,269,980,980,H,H,Br,NHMe
190,190,C=C(Br)C(=O)N(C)C,270,982,982,H,H,Br,NMe2
191,191,C=C(Br)C(=O)Nc1ccccc1,271,981,981,H,H,Br,NHPh
192,192,NC(=O)C(Br)=C(c1ccccc1)c1ccccc1,27,739,739,Ph,Ph,Br,NH2
193,193,C=C(Br)C(=O)c1ccccc1,272,984,984,H,H,Br,Ph
194,194,C=C(Cl)C=O,273,970,970,H,H,Cl,H
195,195,C=C(Cl)C(C)=O,274,969,969,H,H,Cl,Me
196,196,C=C(Cl)C(N)=O,275,971,971,H,H,Cl,NH2
197,197,C=C(Cl)C(=O)OC,276,975,975,H,H,Cl,OMe
198,198,C=C(Cl)C(=O)NC,277,972,972,H,H,Cl,NHMe
199,199,C=C(Cl)C(=O)N(C)C,278,974,974,H,H,Cl,NMe2
200,200,C=C(Cl)C(=O)Nc1ccccc1,279,973,973,H,H,Cl,NHPh
201,201,C=C(Cl)C(=O)c1ccccc1,280,976,976,H,H,Cl,Ph
202,202,C/C=C(\C=O)c1ccccc1,281,826,826,H,Me,Ph,H
203,203,COC(=O)C(Br)=C(c1ccccc1)c1ccccc1,28,743,743,Ph,Ph,Br,OMe
204,204,C/C=C(\C(C)=O)c1ccccc1,282,825,825,H,Me,Ph,Me
205,205,C/C=C(\C(N)=O)c1ccccc1,283,827,827,H,Me,Ph,NH2
206,206,C/C=C(\C(=O)OC)c1ccccc1,284,831,831,H,Me,Ph,OMe
207,207,C/C=C(\C(=O)NC)c1ccccc1,285,828,828,H,Me,Ph,NHMe
208,208,C/C=C(\C(=O)N(C)C)c1ccccc1,286,830,830,H,Me,Ph,NMe2
209,209,C/C=C(\C(=O)Nc1ccccc1)c1ccccc1,287,829,829,H,Me,Ph,NHPh
210,210,C/C=C(\C(=O)c1ccccc1)c1ccccc1,288,832,832,H,Me,Ph,Ph
211,211,C/C=C\C=O,289,834,834,H,Me,H,H
212,212,C/C=C\C(C)=O,290,833,833,H,Me,H,Me
213,213,C/C=C\C(N)=O,291,835,835,H,Me,H,NH2
214,214,CNC(=O)C(Br)=C(c1ccccc1)c1ccccc1,29,740,740,Ph,Ph,Br,NHMe
215,215,C/C=C\C(=O)OC,292,839,839,H,Me,H,OMe
216,216,C/C=C\C(=O)NC,293,836,836,H,Me,H,NHMe
217,217,C/C=C\C(=O)N(C)C,294,838,838,H,Me,H,NMe2
218,218,C/C=C\C(=O)Nc1ccccc1,295,837,837,H,Me,H,NHPh
219,219,C/C=C\C(=O)c1ccccc1,296,840,840,H,Me,H,Ph
220,220,C/C=C(/C)C=O,297,802,802,H,Me,Me,H
221,221,C/C=C(/C)C(C)=O,298,801,801,H,Me,Me,Me
222,222,C/C=C(/C)C(N)=O,299,803,803,H,Me,Me,NH2
223,223,C/C=C(/C)C(=O)OC,300,807,807,H,Me,Me,OMe
224,224,C/C=C(/C)C(=O)NC,301,804,804,H,Me,Me,NHMe
225,225,CN(C)C(=O)C(Br)=C(c1ccccc1)c1ccccc1,30,742,742,Ph,Ph,Br,NMe2
226,226,C/C=C(/C)C(=O)N(C)C,302,806,806,H,Me,Me,NMe2
227,227,C/C=C(/C)C(=O)Nc1ccccc1,303,805,805,H,Me,Me,NHPh
228,228,C/C=C(/C)C(=O)c1ccccc1,304,808,808,H,Me,Me,Ph
229,229,C/C=C(/Br)C=O,305,818,818,H,Me,Br,H
230,230,C/C=C(/Br)C(C)=O,306,817,817,H,Me,Br,Me
231,231,C/C=C(/Br)C(N)=O,307,819,819,H,Me,Br,NH2
232,232,C/C=C(/Br)C(=O)OC,308,823,823,H,Me,Br,OMe
233,233,C/C=C(/Br)C(=O)NC,309,820,820,H,Me,Br,NHMe
234,234,NC(=O)C(=C(c1ccccc1)c1ccccc1)c1ccccc1,3,747,747,Ph,Ph,Ph,NH2
235,235,C/C=C(/Br)C(=O)N(C)C,310,822,822,H,Me,Br,NMe2
236,236,C/C=C(/Br)C(=O)Nc1ccccc1,311,821,821,H,Me,Br,NHPh
237,237,O=C(Nc1ccccc1)C(Br)=C(c1ccccc1)c1ccccc1,31,741,741,Ph,Ph,Br,NHPh
238,238,C/C=C(/Br)C(=O)c1ccccc1,312,824,824,H,Me,Br,Ph
239,239,C/C=C(/Cl)C=O,313,810,810,H,Me,Cl,H
240,240,C/C=C(/Cl)C(C)=O,314,809,809,H,Me,Cl,Me
241,241,C/C=C(/Cl)C(N)=O,315,811,811,H,Me,Cl,NH2
242,242,C/C=C(/Cl)C(=O)OC,316,815,815,H,Me,Cl,OMe
243,243,C/C=C(/Cl)C(=O)NC,317,812,812,H,Me,Cl,NHMe
244,244,C/C=C(/Cl)C(=O)N(C)C,318,814,814,H,Me,Cl,NMe2
245,245,C/C=C(/Cl)C(=O)Nc1ccccc1,319,813,813,H,Me,Cl,NHPh
246,246,C/C=C(/Cl)C(=O)c1ccccc1,320,816,816,H,Me,Cl,Ph
247,247,O=C/C(=C\Br)c1ccccc1,321,906,906,H,Br,Ph,H
248,248,O=C(C(Br)=C(c1ccccc1)c1ccccc1)c1ccccc1,32,744,744,Ph,Ph,Br,Ph
249,249,CC(=O)/C(=C\Br)c1ccccc1,322,905,905,H,Br,Ph,Me
250,250,NC(=O)/C(=C\Br)c1ccccc1,323,907,907,H,Br,Ph,NH2
251,251,COC(=O)/C(=C\Br)c1ccccc1,324,911,911,H,Br,Ph,OMe
252,252,CNC(=O)/C(=C\Br)c1ccccc1,325,908,908,H,Br,Ph,NHMe
253,253,CN(C)C(=O)/C(=C\Br)c1ccccc1,326,910,910,H,Br,Ph,NMe2
254,254,O=C(Nc1ccccc1)/C(=C\Br)c1ccccc1,327,909,909,H,Br,Ph,NHPh
255,255,O=C(/C(=C\Br)c1ccccc1)c1ccccc1,328,912,912,H,Br,Ph,Ph
256,256,O=C/C=C\Br,329,914,914,H,Br,H,H
257,257,CC(=O)/C=C\Br,330,913,913,H,Br,H,Me
258,258,NC(=O)/C=C\Br,331,915,915,H,Br,H,NH2
259,259,O=CC(Cl)=C(c1ccccc1)c1ccccc1,33,730,730,Ph,Ph,Cl,H
260,260,COC(=O)/C=C\Br,332,919,919,H,Br,H,OMe
261,261,CNC(=O)/C=C\Br,333,916,916,H,Br,H,NHMe
262,262,CN(C)C(=O)/C=C\Br,334,918,918,H,Br,H,NMe2
263,263,O=C(/C=C\Br)Nc1ccccc1,335,917,917,H,Br,H,NHPh
264,264,O=C(/C=C\Br)c1ccccc1,336,920,920,H,Br,H,Ph
265,265,C/C(C=O)=C/Br,337,882,882,H,Br,Me,H
266,266,CC(=O)/C(C)=C\Br,338,881,881,H,Br,Me,Me
267,267,C/C(=C/Br)C(N)=O,339,883,883,H,Br,Me,NH2
268,268,COC(=O)/C(C)=C\Br,340,887,887,H,Br,Me,OMe
269,269,CNC(=O)/C(C)=C\Br,341,884,884,H,Br,Me,NHMe
270,270,CC(=O)C(Cl)=C(c1ccccc1)c1ccccc1,34,729,729,Ph,Ph,Cl,Me
271,271,C/C(=C/Br)C(=O)N(C)C,342,886,886,H,Br,Me,NMe2
272,272,C/C(=C/Br)C(=O)Nc1ccccc1,343,885,885,H,Br,Me,NHPh
273,273,C/C(=C/Br)C(=O)c1ccccc1,344,888,888,H,Br,Me,Ph
274,274,O=C/C(Br)=C\Br,345,898,898,H,Br,Br,H
275,275,CC(=O)/C(Br)=C\Br,346,897,897,H,Br,Br,Me
276,276,NC(=O)/C(Br)=C\Br,347,899,899,H,Br,Br,NH2
277,277,COC(=O)/C(Br)=C\Br,348,903,903,H,Br,Br,OMe
278,278,CNC(=O)/C(Br)=C\Br,349,900,900,H,Br,Br,NHMe
279,279,CN(C)C(=O)/C(Br)=C\Br,350,902,902,H,Br,Br,NMe2
280,280,NC(=O)C(Cl)=C(c1ccccc1)c1ccccc1,35,731,731,Ph,Ph,Cl,NH2
281,281,O=C(Nc1ccccc1)/C(Br)=C\Br,351,901,901,H,Br,Br,NHPh
282,282,O=C(/C(Br)=C\Br)c1ccccc1,352,904,904,H,Br,Br,Ph
283,283,O=C/C(Cl)=C\Br,353,890,890,H,Br,Cl,H
284,284,CC(=O)/C(Cl)=C\Br,354,889,889,H,Br,Cl,Me
285,285,NC(=O)/C(Cl)=C\Br,355,891,891,H,Br,Cl,NH2
286,286,COC(=O)/C(Cl)=C\Br,356,895,895,H,Br,Cl,OMe
287,287,CNC(=O)/C(Cl)=C\Br,357,892,892,H,Br,Cl,NHMe
288,288,CN(C)C(=O)/C(Cl)=C\Br,358,894,894,H,Br,Cl,NMe2
289,289,O=C(Nc1ccccc1)/C(Cl)=C\Br,359,893,893,H,Br,Cl,NHPh
290,290,O=C(/C(Cl)=C\Br)c1ccccc1,360,896,896,H,Br,Cl,Ph
291,291,O=C/C(=C\Cl)c1ccccc1,361,866,866,H,Cl,Ph,H
292,292,COC(=O)C(Cl)=C(c1ccccc1)c1ccccc1,36,735,735,Ph,Ph,Cl,OMe
293,293,CC(=O)/C(=C\Cl)c1ccccc1,362,865,865,H,Cl,Ph,Me
294,294,NC(=O)/C(=C\Cl)c1ccccc1,363,867,867,H,Cl,Ph,NH2
295,295,COC(=O)/C(=C\Cl)c1ccccc1,364,871,871,H,Cl,Ph,OMe
296,296,CNC(=O)/C(=C\Cl)c1ccccc1,365,868,868,H,Cl,Ph,NHMe
297,297,CN(C)C(=O)/C(=C\Cl)c1ccccc1,366,870,870,H,Cl,Ph,NMe2
298,298,O=C(Nc1ccccc1)/C(=C\Cl)c1ccccc1,367,869,869,H,Cl,Ph,NHPh
299,299,O=C(/C(=C\Cl)c1ccccc1)c1ccccc1,368,872,872,H,Cl,Ph,Ph
300,300,O=C/C=C\Cl,369,874,874,H,Cl,H,H
301,301,CC(=O)/C=C\Cl,370,873,873,H,Cl,H,Me
302,302,CNC(=O)C(Cl)=C(c1ccccc1)c1ccccc1,37,732,732,Ph,Ph,Cl,NHMe
303,303,NC(=O)/C=C\Cl,371,875,875,H,Cl,H,NH2
304,304,COC(=O)/C=C\Cl,372,879,879,H,Cl,H,OMe
305,305,CNC(=O)/C=C\Cl,373,876,876,H,Cl,H,NHMe
306,306,CN(C)C(=O)/C=C\Cl,374,878,878,H,Cl,H,NMe2
307,307,O=C(/C=C\Cl)Nc1ccccc1,375,877,877,H,Cl,H,NHPh
308,308,O=C(/C=C\Cl)c1ccccc1,376,880,880,H,Cl,H,Ph
309,309,C/C(C=O)=C/Cl,377,842,842,H,Cl,Me,H
310,310,CC(=O)/C(C)=C\Cl,378,841,841,H,Cl,Me,Me
311,311,C/C(=C/Cl)C(N)=O,379,843,843,H,Cl,Me,NH2
312,312,COC(=O)/C(C)=C\Cl,380,847,847,H,Cl,Me,OMe
313,313,CN(C)C(=O)C(Cl)=C(c1ccccc1)c1ccccc1,38,734,734,Ph,Ph,Cl,NMe2
314,314,CNC(=O)/C(C)=C\Cl,381,844,844,H,Cl,Me,NHMe
315,315,C/C(=C/Cl)C(=O)N(C)C,382,846,846,H,Cl,Me,NMe2
316,316,C/C(=C/Cl)C(=O)Nc1ccccc1,383,845,845,H,Cl,Me,NHPh
317,317,C/C(=C/Cl)C(=O)c1ccccc1,384,848,848,H,Cl,Me,Ph
318,318,O=C/C(Br)=C\Cl,385,858,858,H,Cl,Br,H
319,319,CC(=O)/C(Br)=C\Cl,386,857,857,H,Cl,Br,Me
320,320,NC(=O)/C(Br)=C\Cl,387,859,859,H,Cl,Br,NH2
321,321,COC(=O)/C(Br)=C\Cl,388,863,863,H,Cl,Br,OMe
322,322,CNC(=O)/C(Br)=C\Cl,389,860,860,H,Cl,Br,NHMe
323,323,CN(C)C(=O)/C(Br)=C\Cl,390,862,862,H,Cl,Br,NMe2
324,324,O=C(Nc1ccccc1)C(Cl)=C(c1ccccc1)c1ccccc1,39,733,733,Ph,Ph,Cl,NHPh
325,325,O=C(Nc1ccccc1)/C(Br)=C\Cl,391,861,861,H,Cl,Br,NHPh
326,326,O=C(/C(Br)=C\Cl)c1ccccc1,392,864,864,H,Cl,Br,Ph
327,327,O=C/C(Cl)=C\Cl,393,850,850,H,Cl,Cl,H
328,328,CC(=O)/C(Cl)=C\Cl,394,849,849,H,Cl,Cl,Me
329,329,NC(=O)/C(Cl)=C\Cl,395,851,851,H,Cl,Cl,NH2
330,330,COC(=O)/C(Cl)=C\Cl,396,855,855,H,Cl,Cl,OMe
331,331,CNC(=O)/C(Cl)=C\Cl,397,852,852,H,Cl,Cl,NHMe
332,332,CN(C)C(=O)/C(Cl)=C\Cl,398,854,854,H,Cl,Cl,NMe2
333,333,O=C(Nc1ccccc1)/C(Cl)=C\Cl,399,853,853,H,Cl,Cl,NHPh
334,334,O=C(/C(Cl)=C\Cl)c1ccccc1,400,856,856,H,Cl,Cl,Ph
335,335,C/C(=C(/C=O)c1ccccc1)c1ccccc1,401,146,146,Me,Ph,Ph,H
336,336,O=C(C(Cl)=C(c1ccccc1)c1ccccc1)c1ccccc1,40,736,736,Ph,Ph,Cl,Ph
337,337,CC(=O)/C(=C(/C)c1ccccc1)c1ccccc1,402,145,145,Me,Ph,Ph,Me
338,338,C/C(=C(/C(N)=O)c1ccccc1)c1ccccc1,403,147,147,Me,Ph,Ph,NH2
339,339,COC(=O)/C(=C(/C)c1ccccc1)c1ccccc1,404,151,151,Me,Ph,Ph,OMe
340,340,CNC(=O)/C(=C(/C)c1ccccc1)c1ccccc1,405,148,148,Me,Ph,Ph,NHMe
341,341,C/C(=C(/C(=O)N(C)C)c1ccccc1)c1ccccc1,406,150,150,Me,Ph,Ph,NMe2
342,342,C/C(=C(/C(=O)Nc1ccccc1)c1ccccc1)c1ccccc1,407,149,149,Me,Ph,Ph,NHPh
343,343,C/C(=C(/C(=O)c1ccccc1)c1ccccc1)c1ccccc1,408,152,152,Me,Ph,Ph,Ph
344,344,C/C(=C/C=O)c1ccccc1,409,154,154,Me,Ph,H,H
345,345,CC(=O)/C=C(/C)c1ccccc1,410,153,153,Me,Ph,H,Me
346,346,O=C/C(=C/c1ccccc1)c1ccccc1,41,786,786,Ph,H,Ph,H
347,347,C/C(=C/C(N)=O)c1ccccc1,411,155,155,Me,Ph,H,NH2
348,348,COC(=O)/C=C(/C)c1ccccc1,412,159,159,Me,Ph,H,OMe
349,349,CNC(=O)/C=C(/C)c1ccccc1,413,156,156,Me,Ph,H,NHMe
350,350,C/C(=C/C(=O)N(C)C)c1ccccc1,414,158,158,Me,Ph,H,NMe2
351,351,C/C(=C/C(=O)Nc1ccccc1)c1ccccc1,415,157,157,Me,Ph,H,NHPh
352,352,C/C(=C/C(=O)c1ccccc1)c1ccccc1,416,160,160,Me,Ph,H,Ph
353,353,C/C(C=O)=C(\C)c1ccccc1,417,122,122,Me,Ph,Me,H
354,354,CC(=O)/C(C)=C(/C)c1ccccc1,418,121,121,Me,Ph,Me,Me
355,355,C/C(C(N)=O)=C(\C)c1ccccc1,419,123,123,Me,Ph,Me,NH2
356,356,COC(=O)/C(C)=C(/C)c1ccccc1,420,127,127,Me,Ph,Me,OMe
357,357,CNC(=O)/C(C)=C(/C)c1ccccc1,421,124,124,Me,Ph,Me,NHMe
358,358,CC(=O)/C(=C/c1ccccc1)c1ccccc1,42,785,785,Ph,H,Ph,Me
359,359,C/C(C(=O)N(C)C)=C(\C)c1ccccc1,422,126,126,Me,Ph,Me,NMe2
360,360,C/C(C(=O)Nc1ccccc1)=C(\C)c1ccccc1,423,125,125,Me,Ph,Me,NHPh
361,361,C/C(C(=O)c1ccccc1)=C(\C)c1ccccc1,424,128,128,Me,Ph,Me,Ph
362,362,C/C(=C(\Br)C=O)c1ccccc1,425,138,138,Me,Ph,Br,H
363,363,CC(=O)/C(Br)=C(/C)c1ccccc1,426,137,137,Me,Ph,Br,Me
364,364,C/C(=C(\Br)C(N)=O)c1ccccc1,427,139,139,Me,Ph,Br,NH2
365,365,COC(=O)/C(Br)=C(/C)c1ccccc1,428,143,143,Me,Ph,Br,OMe
366,366,CNC(=O)/C(Br)=C(/C)c1ccccc1,429,140,140,Me,Ph,Br,NHMe
367,367,C/C(=C(\Br)C(=O)N(C)C)c1ccccc1,430,142,142,Me,Ph,Br,NMe2
368,368,NC(=O)/C(=C/c1ccccc1)c1ccccc1,43,787,787,Ph,H,Ph,NH2
369,369,C/C(=C(\Br)C(=O)Nc1ccccc1)c1ccccc1,431,141,141,Me,Ph,Br,NHPh
370,370,C/C(=C(\Br)C(=O)c1ccccc1)c1ccccc1,432,144,144,Me,Ph,Br,Ph
371,371,C/C(=C(\Cl)C=O)c1ccccc1,433,130,130,Me,Ph,Cl,H
372,372,CC(=O)/C(Cl)=C(/C)c1ccccc1,434,129,129,Me,Ph,Cl,Me
373,373,C/C(=C(\Cl)C(N)=O)c1ccccc1,435,131,131,Me,Ph,Cl,NH2
374,374,COC(=O)/C(Cl)=C(/C)c1ccccc1,436,135,135,Me,Ph,Cl,OMe
375,375,CNC(=O)/C(Cl)=C(/C)c1ccccc1,437,132,132,Me,Ph,Cl,NHMe
376,376,C/C(=C(\Cl)C(=O)N(C)C)c1ccccc1,438,134,134,Me,Ph,Cl,NMe2
377,377,C/C(=C(\Cl)C(=O)Nc1ccccc1)c1ccccc1,439,133,133,Me,Ph,Cl,NHPh
378,378,COC(=O)C(=C(c1ccccc1)c1ccccc1)c1ccccc1,4,751,751,Ph,Ph,Ph,OMe
379,379,C/C(=C(\Cl)C(=O)c1ccccc1)c1ccccc1,440,136,136,Me,Ph,Cl,Ph
380,380,C/C=C(/C=O)c1ccccc1,441,186,186,Me,H,Ph,H
381,381,COC(=O)/C(=C/c1ccccc1)c1ccccc1,44,791,791,Ph,H,Ph,OMe
382,382,C/C=C(/C(C)=O)c1ccccc1,442,185,185,Me,H,Ph,Me
383,383,C/C=C(/C(N)=O)c1ccccc1,443,187,187,Me,H,Ph,NH2
384,384,C/C=C(/C(=O)OC)c1ccccc1,444,191,191,Me,H,Ph,OMe
385,385,C/C=C(/C(=O)NC)c1ccccc1,445,188,188,Me,H,Ph,NHMe
386,386,C/C=C(/C(=O)N(C)C)c1ccccc1,446,190,190,Me,H,Ph,NMe2
387,387,C/C=C(/C(=O)Nc1ccccc1)c1ccccc1,447,189,189,Me,H,Ph,NHPh
388,388,C/C=C(/C(=O)c1ccccc1)c1ccccc1,448,192,192,Me,H,Ph,Ph
389,389,C/C=C/C=O,449,194,194,Me,H,H,H
390,390,C/C=C/C(C)=O,450,193,193,Me,H,H,Me
391,391,C/C=C/C(N)=O,451,195,195,Me,H,H,NH2
392,392,CNC(=O)/C(=C/c1ccccc1)c1ccccc1,45,788,788,Ph,H,Ph,NHMe
393,393,C/C=C/C(=O)OC,452,199,199,Me,H,H,OMe
394,394,C/C=C/C(=O)NC,453,196,196,Me,H,H,NHMe
395,395,C/C=C/C(=O)N(C)C,454,198,198,Me,H,H,NMe2
396,396,C/C=C/C(=O)Nc1ccccc1,455,197,197,Me,H,H,NHPh
397,397,C/C=C/C(=O)c1ccccc1,456,200,200,Me,H,H,Ph
398,398,C/C=C(\C)C=O,457,162,162,Me,H,Me,H
399,399,C/C=C(\C)C(C)=O,458,161,161,Me,H,Me,Me
400,400,C/C=C(\C)C(N)=O,459,163,163,Me,H,Me,NH2
401,401,C/C=C(\C)C(=O)OC,460,167,167,Me,H,Me,OMe
402,402,CN(C)C(=O)/C(=C/c1ccccc1)c1ccccc1,46,790,790,Ph,H,Ph,NMe2
403,403,C/C=C(\C)C(=O)NC,461,164,164,Me,H,Me,NHMe
404,404,C/C=C(\C)C(=O)N(C)C,462,166,166,Me,H,Me,NMe2
405,405,C/C=C(\C)C(=O)Nc1ccccc1,463,165,165,Me,H,Me,NHPh
406,406,C/C=C(\C)C(=O)c1ccccc1,464,168,168,Me,H,Me,Ph
407,407,C/C=C(\Br)C=O,465,178,178,Me,H,Br,H
408,408,C/C=C(\Br)C(C)=O,466,177,177,Me,H,Br,Me
409,409,C/C=C(\Br)C(N)=O,467,179,179,Me,H,Br,NH2
410,410,C/C=C(\Br)C(=O)OC,468,183,183,Me,H,Br,OMe
411,411,C/C=C(\Br)C(=O)NC,469,180,180,Me,H,Br,NHMe
412,412,C/C=C(\Br)C(=O)N(C)C,470,182,182,Me,H,Br,NMe2
413,413,C/C=C(\Br)C(=O)Nc1ccccc1,471,181,181,Me,H,Br,NHPh
414,414,O=C(Nc1ccccc1)/C(=C/c1ccccc1)c1ccccc1,47,789,789,Ph,H,Ph,NHPh
415,415,C/C=C(\Br)C(=O)c1ccccc1,472,184,184,Me,H,Br,Ph
416,416,C/C=C(\Cl)C=O,473,170,170,Me,H,Cl,H
417,417,C/C=C(\Cl)C(C)=O,474,169,169,Me,H,Cl,Me
418,418,C/C=C(\Cl)C(N)=O,475,171,171,Me,H,Cl,NH2
419,419,C/C=C(\Cl)C(=O)OC,476,175,175,Me,H,Cl,OMe
420,420,C/C=C(\Cl)C(=O)NC,477,172,172,Me,H,Cl,NHMe
421,421,C/C=C(\Cl)C(=O)N(C)C,478,174,174,Me,H,Cl,NMe2
422,422,C/C=C(\Cl)C(=O)Nc1ccccc1,479,173,173,Me,H,Cl,NHPh
423,423,C/C=C(\Cl)C(=O)c1ccccc1,480,176,176,Me,H,Cl,Ph
424,424,CC(C)=C(C=O)c1ccccc1,481,26,26,Me,Me,Ph,H
425,425,O=C(/C(=C/c1ccccc1)c1ccccc1)c1ccccc1,48,792,792,Ph,H,Ph,Ph
426,426,CC(=O)C(=C(C)C)c1ccccc1,482,25,25,Me,Me,Ph,Me
427,427,CC(C)=C(C(N)=O)c1ccccc1,483,27,27,Me,Me,Ph,NH2
428,428,COC(=O)C(=C(C)C)c1ccccc1,484,31,31,Me,Me,Ph,OMe
429,429,CNC(=O)C(=C(C)C)c1ccccc1,485,28,28,Me,Me,Ph,NHMe
430,430,CC(C)=C(C(=O)N(C)C)c1ccccc1,486,30,30,Me,Me,Ph,NMe2
431,431,CC(C)=C(C(=O)Nc1ccccc1)c1ccccc1,487,29,29,Me,Me,Ph,NHPh
432,432,CC(C)=C(C(=O)c1ccccc1)c1ccccc1,488,32,32,Me,Me,Ph,Ph
433,433,CC(C)=CC=O,489,34,34,Me,Me,H,H
434,434,CC(=O)C=C(C)C,490,33,33,Me,Me,H,Me
435,435,CC(C)=CC(N)=O,491,35,35,Me,Me,H,NH2
436,436,O=C/C=C/c1ccccc1,49,794,794,Ph,H,H,H
437,437,COC(=O)C=C(C)C,492,39,39,Me,Me,H,OMe
438,438,CNC(=O)C=C(C)C,493,36,36,Me,Me,H,NHMe
439,439,CC(C)=CC(=O)N(C)C,494,38,38,Me,Me,H,NMe2
440,440,CC(C)=CC(=O)Nc1ccccc1,495,37,37,Me,Me,H,NHPh
441,441,CC(C)=CC(=O)c1ccccc1,496,40,40,Me,Me,H,Ph
442,442,CC(C)=C(C)C=O,497,2,2,Me,Me,Me,H
443,443,CC(=O)C(C)=C(C)C,498,1,1,Me,Me,Me,Me
444,444,CC(C)=C(C)C(N)=O,499,3,3,Me,Me,Me,NH2
445,445,COC(=O)C(C)=C(C)C,500,7,7,Me,Me,Me,OMe
446,446,CNC(=O)C(C)=C(C)C,501,4,4,Me,Me,Me,NHMe
447,447,CC(=O)/C=C/c1ccccc1,50,793,793,Ph,H,H,Me
448,448,CC(C)=C(C)C(=O)N(C)C,502,6,6,Me,Me,Me,NMe2
449,449,CC(C)=C(C)C(=O)Nc1ccccc1,503,5,5,Me,Me,Me,NHPh
450,450,CC(C)=C(C)C(=O)c1ccccc1,504,8,8,Me,Me,Me,Ph
451,451,CC(C)=C(Br)C=O,505,18,18,Me,Me,Br,H
452,452,CC(=O)C(Br)=C(C)C,506,17,17,Me,Me,Br,Me
453,453,CC(C)=C(Br)C(N)=O,507,19,19,Me,Me,Br,NH2
454,454,COC(=O)C(Br)=C(C)C,508,23,23,Me,Me,Br,OMe
455,455,CNC(=O)C(Br)=C(C)C,509,20,20,Me,Me,Br,NHMe
456,456,CNC(=O)C(=C(c1ccccc1)c1ccccc1)c1ccccc1,5,748,748,Ph,Ph,Ph,NHMe
457,457,CC(C)=C(Br)C(=O)N(C)C,510,22,22,Me,Me,Br,NMe2
458,458,NC(=O)/C=C/c1ccccc1,51,795,795,Ph,H,H,NH2
459,459,CC(C)=C(Br)C(=O)Nc1ccccc1,511,21,21,Me,Me,Br,NHPh
460,460,CC(C)=C(Br)C(=O)c1ccccc1,512,24,24,Me,Me,Br,Ph
461,461,CC(C)=C(Cl)C=O,513,10,10,Me,Me,Cl,H
462,462,CC(=O)C(Cl)=C(C)C,514,9,9,Me,Me,Cl,Me
463,463,CC(C)=C(Cl)C(N)=O,515,11,11,Me,Me,Cl,NH2
464,464,COC(=O)C(Cl)=C(C)C,516,15,15,Me,Me,Cl,OMe
465,465,CNC(=O)C(Cl)=C(C)C,517,12,12,Me,Me,Cl,NHMe
466,466,CC(C)=C(Cl)C(=O)N(C)C,518,14,14,Me,Me,Cl,NMe2
467,467,CC(C)=C(Cl)C(=O)Nc1ccccc1,519,13,13,Me,Me,Cl,NHPh
468,468,CC(C)=C(Cl)C(=O)c1ccccc1,520,16,16,Me,Me,Cl,Ph
469,469,COC(=O)/C=C/c1ccccc1,52,799,799,Ph,H,H,OMe
470,470,C/C(Br)=C(/C=O)c1ccccc1,521,106,106,Me,Br,Ph,H
471,471,CC(=O)/C(=C(/C)Br)c1ccccc1,522,105,105,Me,Br,Ph,Me
472,472,C/C(Br)=C(/C(N)=O)c1ccccc1,523,107,107,Me,Br,Ph,NH2
473,473,COC(=O)/C(=C(/C)Br)c1ccccc1,524,111,111,Me,Br,Ph,OMe
474,474,CNC(=O)/C(=C(/C)Br)c1ccccc1,525,108,108,Me,Br,Ph,NHMe
475,475,C/C(Br)=C(/C(=O)N(C)C)c1ccccc1,526,110,110,Me,Br,Ph,NMe2
476,476,C/C(Br)=C(/C(=O)Nc1ccccc1)c1ccccc1,527,109,109,Me,Br,Ph,NHPh
477,477,C/C(Br)=C(/C(=O)c1ccccc1)c1ccccc1,528,112,112,Me,Br,Ph,Ph
478,478,C/C(Br)=C/C=O,529,114,114,Me,Br,H,H
479,479,CC(=O)/C=C(/C)Br,530,113,113,Me,Br,H,Me
480,480,CNC(=O)/C=C/c1ccccc1,53,796,796,Ph,H,H,NHMe
481,481,C/C(Br)=C/C(N)=O,531,115,115,Me,Br,H,NH2
482,482,COC(=O)/C=C(/C)Br,532,119,119,Me,Br,H,OMe
483,483,CNC(=O)/C=C(/C)Br,533,116,116,Me,Br,H,NHMe
484,484,C/C(Br)=C/C(=O)N(C)C,534,118,118,Me,Br,H,NMe2
485,485,C/C(Br)=C/C(=O)Nc1ccccc1,535,117,117,Me,Br,H,NHPh
486,486,C/C(Br)=C/C(=O)c1ccccc1,536,120,120,Me,Br,H,Ph
487,487,C/C(Br)=C(\C)C=O,537,82,82,Me,Br,Me,H
488,488,CC(=O)/C(C)=C(/C)Br,538,81,81,Me,Br,Me,Me
489,489,C/C(Br)=C(\C)C(N)=O,539,83,83,Me,Br,Me,NH2
490,490,COC(=O)/C(C)=C(/C)Br,540,87,87,Me,Br,Me,OMe
491,491,CNC(=O)/C(C)=C(/C)Br,541,84,84,Me,Br,Me,NHMe
492,492,CN(C)C(=O)/C=C/c1ccccc1,54,798,798,Ph,H,H,NMe2
493,493,C/C(Br)=C(\C)C(=O)N(C)C,542,86,86,Me,Br,Me,NMe2
494,494,C/C(Br)=C(\C)C(=O)Nc1ccccc1,543,85,85,Me,Br,Me,NHPh
495,495,C/C(Br)=C(\C)C(=O)c1ccccc1,544,88,88,Me,Br,Me,Ph
496,496,C/C(Br)=C(\Br)C=O,545,98,98,Me,Br,Br,H
497,497,CC(=O)/C(Br)=C(/C)Br,546,97,97,Me,Br,Br,Me
498,498,C/C(Br)=C(\Br)C(N)=O,547,99,99,Me,Br,Br,NH2
499,499,COC(=O)/C(Br)=C(/C)Br,548,103,103,Me,Br,Br,OMe
500,500,CNC(=O)/C(Br)=C(/C)Br,549,100,100,Me,Br,Br,NHMe
501,501,C/C(Br)=C(\Br)C(=O)N(C)C,550,102,102,Me,Br,Br,NMe2
502,502,C/C(Br)=C(\Br)C(=O)Nc1ccccc1,551,101,101,Me,Br,Br,NHPh
503,503,O=C(/C=C/c1ccccc1)Nc1ccccc1,55,797,797,Ph,H,H,NHPh
504,504,C/C(Br)=C(\Br)C(=O)c1ccccc1,552,104,104,Me,Br,Br,Ph
505,505,C/C(Br)=C(\Cl)C=O,553,90,90,Me,Br,Cl,H
506,506,CC(=O)/C(Cl)=C(/C)Br,554,89,89,Me,Br,Cl,Me
507,507,C/C(Br)=C(\Cl)C(N)=O,555,91,91,Me,Br,Cl,NH2
508,508,COC(=O)/C(Cl)=C(/C)Br,556,95,95,Me,Br,Cl,OMe
509,509,CNC(=O)/C(Cl)=C(/C)Br,557,92,92,Me,Br,Cl,NHMe
510,510,C/C(Br)=C(\Cl)C(=O)N(C)C,558,94,94,Me,Br,Cl,NMe2
511,511,C/C(Br)=C(\Cl)C(=O)Nc1ccccc1,559,93,93,Me,Br,Cl,NHPh
512,512,C/C(Br)=C(\Cl)C(=O)c1ccccc1,560,96,96,Me,Br,Cl,Ph
513,513,O=C(/C=C/c1ccccc1)c1ccccc1,56,800,800,Ph,H,H,Ph
514,514,C/C(Cl)=C(/C=O)c1ccccc1,561,66,66,Me,Cl,Ph,H
515,515,CC(=O)/C(=C(/C)Cl)c1ccccc1,562,65,65,Me,Cl,Ph,Me
516,516,C/C(Cl)=C(/C(N)=O)c1ccccc1,563,67,67,Me,Cl,Ph,NH2
517,517,COC(=O)/C(=C(/C)Cl)c1ccccc1,564,71,71,Me,Cl,Ph,OMe
518,518,CNC(=O)/C(=C(/C)Cl)c1ccccc1,565,68,68,Me,Cl,Ph,NHMe
519,519,C/C(Cl)=C(/C(=O)N(C)C)c1ccccc1,566,70,70,Me,Cl,Ph,NMe2
520,520,C/C(Cl)=C(/C(=O)Nc1ccccc1)c1ccccc1,567,69,69,Me,Cl,Ph,NHPh
521,521,C/C(Cl)=C(/C(=O)c1ccccc1)c1ccccc1,568,72,72,Me,Cl,Ph,Ph
522,522,C/C(Cl)=C/C=O,569,74,74,Me,Cl,H,H
523,523,CC(=O)/C=C(/C)Cl,570,73,73,Me,Cl,H,Me
524,524,C/C(Cl)=C/C(N)=O,571,75,75,Me,Cl,H,NH2
525,525,C/C(C=O)=C\c1ccccc1,57,762,762,Ph,H,Me,H
526,526,COC(=O)/C=C(/C)Cl,572,79,79,Me,Cl,H,OMe
527,527,CNC(=O)/C=C(/C)Cl,573,76,76,Me,Cl,H,NHMe
528,528,C/C(Cl)=C/C(=O)N(C)C,574,78,78,Me,Cl,H,NMe2
529,529,C/C(Cl)=C/C(=O)Nc1ccccc1,575,77,77,Me,Cl,H,NHPh
530,530,C/C(Cl)=C/C(=O)c1ccccc1,576,80,80,Me,Cl,H,Ph
531,531,C/C(Cl)=C(\C)C=O,577,42,42,Me,Cl,Me,H
532,532,CC(=O)/C(C)=C(/C)Cl,578,41,41,Me,Cl,Me,Me
533,533,C/C(Cl)=C(\C)C(N)=O,579,43,43,Me,Cl,Me,NH2
534,534,COC(=O)/C(C)=C(/C)Cl,580,47,47,Me,Cl,Me,OMe
535,535,CC(=O)/C(C)=C/c1ccccc1,58,761,761,Ph,H,Me,Me
536,536,CNC(=O)/C(C)=C(/C)Cl,581,44,44,Me,Cl,Me,NHMe
537,537,C/C(Cl)=C(\C)C(=O)N(C)C,582,46,46,Me,Cl,Me,NMe2
538,538,C/C(Cl)=C(\C)C(=O)Nc1ccccc1,583,45,45,Me,Cl,Me,NHPh
539,539,C/C(Cl)=C(\C)C(=O)c1ccccc1,584,48,48,Me,Cl,Me,Ph
540,540,C/C(Cl)=C(\Br)C=O,585,58,58,Me,Cl,Br,H
541,541,CC(=O)/C(Br)=C(/C)Cl,586,57,57,Me,Cl,Br,Me
542,542,C/C(Cl)=C(\Br)C(N)=O,587,59,59,Me,Cl,Br,NH2
543,543,COC(=O)/C(Br)=C(/C)Cl,588,63,63,Me,Cl,Br,OMe
544,544,CNC(=O)/C(Br)=C(/C)Cl,589,60,60,Me,Cl,Br,NHMe
545,545,C/C(Cl)=C(\Br)C(=O)N(C)C,590,62,62,Me,Cl,Br,NMe2
546,546,C/C(Cl)=C(\Br)C(=O)Nc1ccccc1,591,61,61,Me,Cl,Br,NHPh
547,547,C/C(=C\c1ccccc1)C(N)=O,59,763,763,Ph,H,Me,NH2
548,548,C/C(Cl)=C(\Br)C(=O)c1ccccc1,592,64,64,Me,Cl,Br,Ph
549,549,C/C(Cl)=C(\Cl)C=O,593,50,50,Me,Cl,Cl,H
550,550,CC(=O)/C(Cl)=C(/C)Cl,594,49,49,Me,Cl,Cl,Me
551,551,C/C(Cl)=C(\Cl)C(N)=O,595,51,51,Me,Cl,Cl,NH2
552,552,COC(=O)/C(Cl)=C(/C)Cl,596,55,55,Me,Cl,Cl,OMe
553,553,CNC(=O)/C(Cl)=C(/C)Cl,597,52,52,Me,Cl,Cl,NHMe
554,554,C/C(Cl)=C(\Cl)C(=O)N(C)C,598,54,54,Me,Cl,Cl,NMe2
555,555,C/C(Cl)=C(\Cl)C(=O)Nc1ccccc1,599,53,53,Me,Cl,Cl,NHPh
556,556,C/C(Cl)=C(\Cl)C(=O)c1ccccc1,600,56,56,Me,Cl,Cl,Ph
557,557,COC(=O)/C(C)=C/c1ccccc1,60,767,767,Ph,H,Me,OMe
558,558,O=C/C(=C(/Br)c1ccccc1)c1ccccc1,601,546,546,Br,Ph,Ph,H
559,559,CC(=O)/C(=C(/Br)c1ccccc1)c1ccccc1,602,545,545,Br,Ph,Ph,Me
560,560,NC(=O)/C(=C(/Br)c1ccccc1)c1ccccc1,603,547,547,Br,Ph,Ph,NH2
561,561,COC(=O)/C(=C(/Br)c1ccccc1)c1ccccc1,604,551,551,Br,Ph,Ph,OMe
562,562,CNC(=O)/C(=C(/Br)c1ccccc1)c1ccccc1,605,548,548,Br,Ph,Ph,NHMe
563,563,CN(C)C(=O)/C(=C(/Br)c1ccccc1)c1ccccc1,606,550,550,Br,Ph,Ph,NMe2
564,564,O=C(Nc1ccccc1)/C(=C(/Br)c1ccccc1)c1ccccc1,607,549,549,Br,Ph,Ph,NHPh
565,565,O=C(/C(=C(/Br)c1ccccc1)c1ccccc1)c1ccccc1,608,552,552,Br,Ph,Ph,Ph
566,566,O=C/C=C(/Br)c1ccccc1,609,554,554,Br,Ph,H,H
567,567,CN(C)C(=O)C(=C(c1ccccc1)c1ccccc1)c1ccccc1,6,750,750,Ph,Ph,Ph,NMe2
568,568,CC(=O)/C=C(/Br)c1ccccc1,610,553,553,Br,Ph,H,Me
569,569,NC(=O)/C=C(/Br)c1ccccc1,611,555,555,Br,Ph,H,NH2
570,570,CNC(=O)/C(C)=C/c1ccccc1,61,764,764,Ph,H,Me,NHMe
571,571,COC(=O)/C=C(/Br)c1ccccc1,612,559,559,Br,Ph,H,OMe
572,572,CNC(=O)/C=C(/Br)c1ccccc1,613,556,556,Br,Ph,H,NHMe
573,573,CN(C)C(=O)/C=C(/Br)c1ccccc1,614,558,558,Br,Ph,H,NMe2
574,574,O=C(/C=C(/Br)c1ccccc1)Nc1ccccc1,615,557,557,Br,Ph,H,NHPh
575,575,O=C(/C=C(/Br)c1ccccc1)c1ccccc1,616,560,560,Br,Ph,H,Ph
576,576,C/C(C=O)=C(\Br)c1ccccc1,617,522,522,Br,Ph,Me,H
577,577,CC(=O)/C(C)=C(/Br)c1ccccc1,618,521,521,Br,Ph,Me,Me
578,578,C/C(C(N)=O)=C(\Br)c1ccccc1,619,523,523,Br,Ph,Me,NH2
579,579,COC(=O)/C(C)=C(/Br)c1ccccc1,620,527,527,Br,Ph,Me,OMe
580,580,C/C(=C\c1ccccc1)C(=O)N(C)C,62,766,766,Ph,H,Me,NMe2
581,581,CNC(=O)/C(C)=C(/Br)c1ccccc1,621,524,524,Br,Ph,Me,NHMe
582,582,C/C(C(=O)N(C)C)=C(\Br)c1ccccc1,622,526,526,Br,Ph,Me,NMe2
583,583,C/C(C(=O)Nc1ccccc1)=C(\Br)c1ccccc1,623,525,525,Br,Ph,Me,NHPh
584,584,C/C(C(=O)c1ccccc1)=C(\Br)c1ccccc1,624,528,528,Br,Ph,Me,Ph
585,585,O=C/C(Br)=C(/Br)c1ccccc1,625,538,538,Br,Ph,Br,H
586,586,CC(=O)/C(Br)=C(/Br)c1ccccc1,626,537,537,Br,Ph,Br,Me
587,587,NC(=O)/C(Br)=C(/Br)c1ccccc1,627,539,539,Br,Ph,Br,NH2
588,588,COC(=O)/C(Br)=C(/Br)c1ccccc1,628,543,543,Br,Ph,Br,OMe
589,589,CNC(=O)/C(Br)=C(/Br)c1ccccc1,629,540,540,Br,Ph,Br,NHMe
590,590,CN(C)C(=O)/C(Br)=C(/Br)c1ccccc1,630,542,542,Br,Ph,Br,NMe2
591,591,O=C(Nc1ccccc1)/C(Br)=C(/Br)c1ccccc1,631,541,541,Br,Ph,Br,NHPh
592,592,C/C(=C\c1ccccc1)C(=O)Nc1ccccc1,63,765,765,Ph,H,Me,NHPh
593,593,O=C(/C(Br)=C(/Br)c1ccccc1)c1ccccc1,632,544,544,Br,Ph,Br,Ph
594,594,O=C/C(Cl)=C(/Br)c1ccccc1,633,530,530,Br,Ph,Cl,H
595,595,CC(=O)/C(Cl)=C(/Br)c1ccccc1,634,529,529,Br,Ph,Cl,Me
596,596,NC(=O)/C(Cl)=C(/Br)c1ccccc1,635,531,531,Br,Ph,Cl,NH2
597,597,COC(=O)/C(Cl)=C(/Br)c1ccccc1,636,535,535,Br,Ph,Cl,OMe
598,598,CNC(=O)/C(Cl)=C(/Br)c1ccccc1,637,532,532,Br,Ph,Cl,NHMe
599,599,CN(C)C(=O)/C(Cl)=C(/Br)c1ccccc1,638,534,534,Br,Ph,Cl,NMe2
600,600,O=C(Nc1ccccc1)/C(Cl)=C(/Br)c1ccccc1,639,533,533,Br,Ph,Cl,NHPh
601,601,O=C(/C(Cl)=C(/Br)c1ccccc1)c1ccccc1,640,536,536,Br,Ph,Cl,Ph
602,602,C/C(=C\c1ccccc1)C(=O)c1ccccc1,64,768,768,Ph,H,Me,Ph
603,603,O=C/C(=C/Br)c1ccccc1,641,586,586,Br,H,Ph,H
604,604,CC(=O)/C(=C/Br)c1ccccc1,642,585,585,Br,H,Ph,Me
605,605,NC(=O)/C(=C/Br)c1ccccc1,643,587,587,Br,H,Ph,NH2
606,606,COC(=O)/C(=C/Br)c1ccccc1,644,591,591,Br,H,Ph,OMe
607,607,CNC(=O)/C(=C/Br)c1ccccc1,645,588,588,Br,H,Ph,NHMe
608,608,CN(C)C(=O)/C(=C/Br)c1ccccc1,646,590,590,Br,H,Ph,NMe2
609,609,O=C(Nc1ccccc1)/C(=C/Br)c1ccccc1,647,589,589,Br,H,Ph,NHPh
610,610,O=C(/C(=C/Br)c1ccccc1)c1ccccc1,648,592,592,Br,H,Ph,Ph
611,611,O=C/C=C/Br,649,594,594,Br,H,H,H
612,612,CC(=O)/C=C/Br,650,593,593,Br,H,H,Me
613,613,NC(=O)/C=C/Br,651,595,595,Br,H,H,NH2
614,614,O=C/C(Br)=C/c1ccccc1,65,778,778,Ph,H,Br,H
615,615,COC(=O)/C=C/Br,652,599,599,Br,H,H,OMe
616,616,CNC(=O)/C=C/Br,653,596,596,Br,H,H,NHMe
617,617,CN(C)C(=O)/C=C/Br,654,598,598,Br,H,H,NMe2
618,618,O=C(/C=C/Br)Nc1ccccc1,655,597,597,Br,H,H,NHPh
619,619,O=C(/C=C/Br)c1ccccc1,656,600,600,Br,H,H,Ph
620,620,C/C(C=O)=C\Br,657,562,562,Br,H,Me,H
621,621,CC(=O)/C(C)=C/Br,658,561,561,Br,H,Me,Me
622,622,C/C(=C\Br)C(N)=O,659,563,563,Br,H,Me,NH2
623,623,COC(=O)/C(C)=C/Br,660,567,567,Br,H,Me,OMe
624,624,CNC(=O)/C(C)=C/Br,661,564,564,Br,H,Me,NHMe
625,625,CC(=O)/C(Br)=C/c1ccccc1,66,777,777,Ph,H,Br,Me
626,626,C/C(=C\Br)C(=O)N(C)C,662,566,566,Br,H,Me,NMe2
627,627,C/C(=C\Br)C(=O)Nc1ccccc1,663,565,565,Br,H,Me,NHPh
628,628,C/C(=C\Br)C(=O)c1ccccc1,664,568,568,Br,H,Me,Ph
629,629,O=C/C(Br)=C/Br,665,578,578,Br,H,Br,H
630,630,CC(=O)/C(Br)=C/Br,666,577,577,Br,H,Br,Me
631,631,NC(=O)/C(Br)=C/Br,667,579,579,Br,H,Br,NH2
632,632,COC(=O)/C(Br)=C/Br,668,583,583,Br,H,Br,OMe
633,633,CNC(=O)/C(Br)=C/Br,669,580,580,Br,H,Br,NHMe
634,634,CN(C)C(=O)/C(Br)=C/Br,670,582,582,Br,H,Br,NMe2
635,635,O=C(Nc1ccccc1)/C(Br)=C/Br,671,581,581,Br,H,Br,NHPh
636,636,NC(=O)/C(Br)=C/c1ccccc1,67,779,779,Ph,H,Br,NH2
637,637,O=C(/C(Br)=C/Br)c1ccccc1,672,584,584,Br,H,Br,Ph
638,638,O=C/C(Cl)=C/Br,673,570,570,Br,H,Cl,H
639,639,CC(=O)/C(Cl)=C/Br,674,569,569,Br,H,Cl,Me
640,640,NC(=O)/C(Cl)=C/Br,675,571,571,Br,H,Cl,NH2
641,641,COC(=O)/C(Cl)=C/Br,676,575,575,Br,H,Cl,OMe
642,642,CNC(=O)/C(Cl)=C/Br,677,572,572,Br,H,Cl,NHMe
643,643,CN(C)C(=O)/C(Cl)=C/Br,678,574,574,Br,H,Cl,NMe2
644,644,O=C(Nc1ccccc1)/C(Cl)=C/Br,679,573,573,Br,H,Cl,NHPh
645,645,O=C(/C(Cl)=C/Br)c1ccccc1,680,576,576,Br,H,Cl,Ph
646,646,C/C(Br)=C(\C=O)c1ccccc1,681,426,426,Br,Me,Ph,H
647,647,COC(=O)/C(Br)=C/c1ccccc1,68,783,783,Ph,H,Br,OMe
648,648,CC(=O)/C(=C(\C)Br)c1ccccc1,682,425,425,Br,Me,Ph,Me
649,649,C/C(Br)=C(\C(N)=O)c1ccccc1,683,427,427,Br,Me,Ph,NH2
650,650,COC(=O)/C(=C(\C)Br)c1ccccc1,684,431,431,Br,Me,Ph,OMe
651,651,CNC(=O)/C(=C(\C)Br)c1ccccc1,685,428,428,Br,Me,Ph,NHMe
652,652,C/C(Br)=C(\C(=O)N(C)C)c1ccccc1,686,430,430,Br,Me,Ph,NMe2
653,653,C/C(Br)=C(\C(=O)Nc1ccccc1)c1ccccc1,687,429,429,Br,Me,Ph,NHPh
654,654,C/C(Br)=C(\C(=O)c1ccccc1)c1ccccc1,688,432,432,Br,Me,Ph,Ph
655,655,C/C(Br)=C\C=O,689,434,434,Br,Me,H,H
656,656,CC(=O)/C=C(\C)Br,690,433,433,Br,Me,H,Me
657,657,CNC(=O)/C(Br)=C/c1ccccc1,69,780,780,Ph,H,Br,NHMe
658,658,C/C(Br)=C\C(N)=O,691,435,435,Br,Me,H,NH2
659,659,COC(=O)/C=C(\C)Br,692,439,439,Br,Me,H,OMe
660,660,CNC(=O)/C=C(\C)Br,693,436,436,Br,Me,H,NHMe
661,661,C/C(Br)=C\C(=O)N(C)C,694,438,438,Br,Me,H,NMe2
662,662,C/C(Br)=C\C(=O)Nc1ccccc1,695,437,437,Br,Me,H,NHPh
663,663,C/C(Br)=C\C(=O)c1ccccc1,696,440,440,Br,Me,H,Ph
664,664,C/C(Br)=C(/C)C=O,697,402,402,Br,Me,Me,H
665,665,CC(=O)/C(C)=C(\C)Br,698,401,401,Br,Me,Me,Me
666,666,C/C(Br)=C(/C)C(N)=O,699,403,403,Br,Me,Me,NH2
667,667,COC(=O)/C(C)=C(\C)Br,700,407,407,Br,Me,Me,OMe
668,668,CNC(=O)/C(C)=C(\C)Br,701,404,404,Br,Me,Me,NHMe
669,669,CN(C)C(=O)/C(Br)=C/c1ccccc1,70,782,782,Ph,H,Br,NMe2
670,670,C/C(Br)=C(/C)C(=O)N(C)C,702,406,406,Br,Me,Me,NMe2
671,671,C/C(Br)=C(/C)C(=O)Nc1ccccc1,703,405,405,Br,Me,Me,NHPh
672,672,C/C(Br)=C(/C)C(=O)c1ccccc1,704,408,408,Br,Me,Me,Ph
673,673,C/C(Br)=C(/Br)C=O,705,418,418,Br,Me,Br,H
674,674,CC(=O)/C(Br)=C(\C)Br,706,417,417,Br,Me,Br,Me
675,675,C/C(Br)=C(/Br)C(N)=O,707,419,419,Br,Me,Br,NH2
676,676,COC(=O)/C(Br)=C(\C)Br,708,423,423,Br,Me,Br,OMe
677,677,CNC(=O)/C(Br)=C(\C)Br,709,420,420,Br,Me,Br,NHMe
678,678,O=C(Nc1ccccc1)C(=C(c1ccccc1)c1ccccc1)c1ccccc1,7,749,749,Ph,Ph,Ph,NHPh
679,679,C/C(Br)=C(/Br)C(=O)N(C)C,710,422,422,Br,Me,Br,NMe2
680,680,O=C(Nc1ccccc1)/C(Br)=C/c1ccccc1,71,781,781,Ph,H,Br,NHPh
681,681,C/C(Br)=C(/Br)C(=O)Nc1ccccc1,711,421,421,Br,Me,Br,NHPh
682,682,C/C(Br)=C(/Br)C(=O)c1ccccc1,712,424,424,Br,Me,Br,Ph
683,683,C/C(Br)=C(/Cl)C=O,713,410,410,Br,Me,Cl,H
684,684,CC(=O)/C(Cl)=C(\C)Br,714,409,409,Br,Me,Cl,Me
685,685,C/C(Br)=C(/Cl)C(N)=O,715,411,411,Br,Me,Cl,NH2
686,686,COC(=O)/C(Cl)=C(\C)Br,716,415,415,Br,Me,Cl,OMe
687,687,CNC(=O)/C(Cl)=C(\C)Br,717,412,412,Br,Me,Cl,NHMe
688,688,C/C(Br)=C(/Cl)C(=O)N(C)C,718,414,414,Br,Me,Cl,NMe2
689,689,C/C(Br)=C(/Cl)C(=O)Nc1ccccc1,719,413,413,Br,Me,Cl,NHPh
690,690,C/C(Br)=C(/Cl)C(=O)c1ccccc1,720,416,416,Br,Me,Cl,Ph
691,691,O=CC(=C(Br)Br)c1ccccc1,721,506,506,Br,Br,Ph,H
692,692,O=C(/C(Br)=C/c1ccccc1)c1ccccc1,72,784,784,Ph,H,Br,Ph
693,693,CC(=O)C(=C(Br)Br)c1ccccc1,722,505,505,Br,Br,Ph,Me
694,694,NC(=O)C(=C(Br)Br)c1ccccc1,723,507,507,Br,Br,Ph,NH2
695,695,COC(=O)C(=C(Br)Br)c1ccccc1,724,511,511,Br,Br,Ph,OMe
696,696,CNC(=O)C(=C(Br)Br)c1ccccc1,725,508,508,Br,Br,Ph,NHMe
697,697,CN(C)C(=O)C(=C(Br)Br)c1ccccc1,726,510,510,Br,Br,Ph,NMe2
698,698,O=C(Nc1ccccc1)C(=C(Br)Br)c1ccccc1,727,509,509,Br,Br,Ph,NHPh
699,699,O=C(C(=C(Br)Br)c1ccccc1)c1ccccc1,728,512,512,Br,Br,Ph,Ph
700,700,O=CC=C(Br)Br,729,514,514,Br,Br,H,H
701,701,CC(=O)C=C(Br)Br,730,513,513,Br,Br,H,Me
702,702,O=C/C(Cl)=C/c1ccccc1,73,770,770,Ph,H,Cl,H
703,703,NC(=O)C=C(Br)Br,731,515,515,Br,Br,H,NH2
704,704,COC(=O)C=C(Br)Br,732,519,519,Br,Br,H,OMe
705,705,CNC(=O)C=C(Br)Br,733,516,516,Br,Br,H,NHMe
706,706,CN(C)C(=O)C=C(Br)Br,734,518,518,Br,Br,H,NMe2
707,707,O=C(C=C(Br)Br)Nc1ccccc1,735,517,517,Br,Br,H,NHPh
708,708,O=C(C=C(Br)Br)c1ccccc1,736,520,520,Br,Br,H,Ph
709,709,CC(C=O)=C(Br)Br,737,482,482,Br,Br,Me,H
710,710,CC(=O)C(C)=C(Br)Br,738,481,481,Br,Br,Me,Me
711,711,CC(C(N)=O)=C(Br)Br,739,483,483,Br,Br,Me,NH2
712,712,COC(=O)C(C)=C(Br)Br,740,487,487,Br,Br,Me,OMe
713,713,CNC(=O)C(C)=C(Br)Br,741,484,484,Br,Br,Me,NHMe
714,714,CC(=O)/C(Cl)=C/c1ccccc1,74,769,769,Ph,H,Cl,Me
715,715,CC(C(=O)N(C)C)=C(Br)Br,742,486,486,Br,Br,Me,NMe2
716,716,CC(C(=O)Nc1ccccc1)=C(Br)Br,743,485,485,Br,Br,Me,NHPh
717,717,CC(C(=O)c1ccccc1)=C(Br)Br,744,488,488,Br,Br,Me,Ph
718,718,O=CC(Br)=C(Br)Br,745,498,498,Br,Br,Br,H
719,719,CC(=O)C(Br)=C(Br)Br,746,497,497,Br,Br,Br,Me
720,720,NC(=O)C(Br)=C(Br)Br,747,499,499,Br,Br,Br,NH2
721,721,COC(=O)C(Br)=C(Br)Br,748,503,503,Br,Br,Br,OMe
722,722,CNC(=O)C(Br)=C(Br)Br,749,500,500,Br,Br,Br,NHMe
723,723,CN(C)C(=O)C(Br)=C(Br)Br,750,502,502,Br,Br,Br,NMe2
724,724,O=C(Nc1ccccc1)C(Br)=C(Br)Br,751,501,501,Br,Br,Br,NHPh
725,725,NC(=O)/C(Cl)=C/c1ccccc1,75,771,771,Ph,H,Cl,NH2
726,726,O=C(C(Br)=C(Br)Br)c1ccccc1,752,504,504,Br,Br,Br,Ph
727,727,O=CC(Cl)=C(Br)Br,753,490,490,Br,Br,Cl,H
728,728,CC(=O)C(Cl)=C(Br)Br,754,489,489,Br,Br,Cl,Me
729,729,NC(=O)C(Cl)=C(Br)Br,755,491,491,Br,Br,Cl,NH2
730,730,COC(=O)C(Cl)=C(Br)Br,756,495,495,Br,Br,Cl,OMe
731,731,CNC(=O)C(Cl)=C(Br)Br,757,492,492,Br,Br,Cl,NHMe
732,732,CN(C)C(=O)C(Cl)=C(Br)Br,758,494,494,Br,Br,Cl,NMe2
733,733,O=C(Nc1ccccc1)C(Cl)=C(Br)Br,759,493,493,Br,Br,Cl,NHPh
734,734,O=C(C(Cl)=C(Br)Br)c1ccccc1,760,496,496,Br,Br,Cl,Ph
735,735,O=C/C(=C(\Cl)Br)c1ccccc1,761,466,466,Br,Cl,Ph,H
736,736,COC(=O)/C(Cl)=C/c1ccccc1,76,775,775,Ph,H,Cl,OMe
737,737,CC(=O)/C(=C(\Cl)Br)c1ccccc1,762,465,465,Br,Cl,Ph,Me
738,738,NC(=O)/C(=C(\Cl)Br)c1ccccc1,763,467,467,Br,Cl,Ph,NH2
739,739,COC(=O)/C(=C(\Cl)Br)c1ccccc1,764,471,471,Br,Cl,Ph,OMe
740,740,CNC(=O)/C(=C(\Cl)Br)c1ccccc1,765,468,468,Br,Cl,Ph,NHMe
741,741,CN(C)C(=O)/C(=C(\Cl)Br)c1ccccc1,766,470,470,Br,Cl,Ph,NMe2
742,742,O=C(Nc1ccccc1)/C(=C(\Cl)Br)c1ccccc1,767,469,469,Br,Cl,Ph,NHPh
743,743,O=C(/C(=C(\Cl)Br)c1ccccc1)c1ccccc1,768,472,472,Br,Cl,Ph,Ph
744,744,O=C/C=C(\Cl)Br,769,474,474,Br,Cl,H,H
745,745,CC(=O)/C=C(\Cl)Br,770,473,473,Br,Cl,H,Me
746,746,NC(=O)/C=C(\Cl)Br,771,475,475,Br,Cl,H,NH2
747,747,CNC(=O)/C(Cl)=C/c1ccccc1,77,772,772,Ph,H,Cl,NHMe
748,748,COC(=O)/C=C(\Cl)Br,772,479,479,Br,Cl,H,OMe
749,749,CNC(=O)/C=C(\Cl)Br,773,476,476,Br,Cl,H,NHMe
750,750,CN(C)C(=O)/C=C(\Cl)Br,774,478,478,Br,Cl,H,NMe2
751,751,O=C(/C=C(\Cl)Br)Nc1ccccc1,775,477,477,Br,Cl,H,NHPh
752,752,O=C(/C=C(\Cl)Br)c1ccccc1,776,480,480,Br,Cl,H,Ph
753,753,C/C(C=O)=C(/Cl)Br,777,442,442,Br,Cl,Me,H
754,754,CC(=O)/C(C)=C(\Cl)Br,778,441,441,Br,Cl,Me,Me
755,755,C/C(C(N)=O)=C(/Cl)Br,779,443,443,Br,Cl,Me,NH2
756,756,COC(=O)/C(C)=C(\Cl)Br,780,447,447,Br,Cl,Me,OMe
757,757,CNC(=O)/C(C)=C(\Cl)Br,781,444,444,Br,Cl,Me,NHMe
758,758,CN(C)C(=O)/C(Cl)=C/c1ccccc1,78,774,774,Ph,H,Cl,NMe2
759,759,C/C(C(=O)N(C)C)=C(/Cl)Br,782,446,446,Br,Cl,Me,NMe2
760,760,C/C(C(=O)Nc1ccccc1)=C(/Cl)Br,783,445,445,Br,Cl,Me,NHPh
761,761,C/C(C(=O)c1ccccc1)=C(/Cl)Br,784,448,448,Br,Cl,Me,Ph
762,762,O=C/C(Br)=C(\Cl)Br,785,458,458,Br,Cl,Br,H
763,763,CC(=O)/C(Br)=C(\Cl)Br,786,457,457,Br,Cl,Br,Me
764,764,NC(=O)/C(Br)=C(\Cl)Br,787,459,459,Br,Cl,Br,NH2
765,765,COC(=O)/C(Br)=C(\Cl)Br,788,463,463,Br,Cl,Br,OMe
766,766,CNC(=O)/C(Br)=C(\Cl)Br,789,460,460,Br,Cl,Br,NHMe
767,767,CN(C)C(=O)/C(Br)=C(\Cl)Br,790,462,462,Br,Cl,Br,NMe2
768,768,O=C(Nc1ccccc1)/C(Br)=C(\Cl)Br,791,461,461,Br,Cl,Br,NHPh
769,769,O=C(Nc1ccccc1)/C(Cl)=C/c1ccccc1,79,773,773,Ph,H,Cl,NHPh
770,770,O=C(/C(Br)=C(\Cl)Br)c1ccccc1,792,464,464,Br,Cl,Br,Ph
771,771,O=C/C(Cl)=C(\Cl)Br,793,450,450,Br,Cl,Cl,H
772,772,CC(=O)/C(Cl)=C(\Cl)Br,794,449,449,Br,Cl,Cl,Me
773,773,NC(=O)/C(Cl)=C(\Cl)Br,795,451,451,Br,Cl,Cl,NH2
774,774,COC(=O)/C(Cl)=C(\Cl)Br,796,455,455,Br,Cl,Cl,OMe
775,775,CNC(=O)/C(Cl)=C(\Cl)Br,797,452,452,Br,Cl,Cl,NHMe
776,776,CN(C)C(=O)/C(Cl)=C(\Cl)Br,798,454,454,Br,Cl,Cl,NMe2
777,777,O=C(Nc1ccccc1)/C(Cl)=C(\Cl)Br,799,453,453,Br,Cl,Cl,NHPh
778,778,O=C(/C(Cl)=C(\Cl)Br)c1ccccc1,800,456,456,Br,Cl,Cl,Ph
779,779,O=C/C(=C(/Cl)c1ccccc1)c1ccccc1,801,346,346,Cl,Ph,Ph,H
780,780,O=C(/C(Cl)=C/c1ccccc1)c1ccccc1,80,776,776,Ph,H,Cl,Ph
781,781,CC(=O)/C(=C(/Cl)c1ccccc1)c1ccccc1,802,345,345,Cl,Ph,Ph,Me
782,782,NC(=O)/C(=C(/Cl)c1ccccc1)c1ccccc1,803,347,347,Cl,Ph,Ph,NH2
783,783,COC(=O)/C(=C(/Cl)c1ccccc1)c1ccccc1,804,351,351,Cl,Ph,Ph,OMe
784,784,CNC(=O)/C(=C(/Cl)c1ccccc1)c1ccccc1,805,348,348,Cl,Ph,Ph,NHMe
785,785,CN(C)C(=O)/C(=C(/Cl)c1ccccc1)c1ccccc1,806,350,350,Cl,Ph,Ph,NMe2
786,786,O=C(Nc1ccccc1)/C(=C(/Cl)c1ccccc1)c1ccccc1,807,349,349,Cl,Ph,Ph,NHPh
787,787,O=C(/C(=C(/Cl)c1ccccc1)c1ccccc1)c1ccccc1,808,352,352,Cl,Ph,Ph,Ph
788,788,O=C/C=C(/Cl)c1ccccc1,809,354,354,Cl,Ph,H,H
789,789,O=C(C(=C(c1ccccc1)c1ccccc1)c1ccccc1)c1ccccc1,8,752,752,Ph,Ph,Ph,Ph
790,790,CC(=O)/C=C(/Cl)c1ccccc1,810,353,353,Cl,Ph,H,Me
791,791,NC(=O)/C=C(/Cl)c1ccccc1,811,355,355,Cl,Ph,H,NH2
792,792,C/C(=C(\C=O)c1ccccc1)c1ccccc1,81,626,626,Ph,Me,Ph,H
793,793,COC(=O)/C=C(/Cl)c1ccccc1,812,359,359,Cl,Ph,H,OMe
794,794,CNC(=O)/C=C(/Cl)c1ccccc1,813,356,356,Cl,Ph,H,NHMe
795,795,CN(C)C(=O)/C=C(/Cl)c1ccccc1,814,358,358,Cl,Ph,H,NMe2
796,796,O=C(/C=C(/Cl)c1ccccc1)Nc1ccccc1,815,357,357,Cl,Ph,H,NHPh
797,797,O=C(/C=C(/Cl)c1ccccc1)c1ccccc1,816,360,360,Cl,Ph,H,Ph
798,798,C/C(C=O)=C(\Cl)c1ccccc1,817,322,322,Cl,Ph,Me,H
799,799,CC(=O)/C(C)=C(/Cl)c1ccccc1,818,321,321,Cl,Ph,Me,Me
800,800,C/C(C(N)=O)=C(\Cl)c1ccccc1,819,323,323,Cl,Ph,Me,NH2
801,801,COC(=O)/C(C)=C(/Cl)c1ccccc1,820,327,327,Cl,Ph,Me,OMe
802,802,CNC(=O)/C(C)=C(/Cl)c1ccccc1,821,324,324,Cl,Ph,Me,NHMe
803,803,CC(=O)/C(=C(\C)c1ccccc1)c1ccccc1,82,625,625,Ph,Me,Ph,Me
804,804,C/C(C(=O)N(C)C)=C(\Cl)c1ccccc1,822,326,326,Cl,Ph,Me,NMe2
805,805,C/C(C(=O)Nc1ccccc1)=C(\Cl)c1ccccc1,823,325,325,Cl,Ph,Me,NHPh
806,806,C/C(C(=O)c1ccccc1)=C(\Cl)c1ccccc1,824,328,328,Cl,Ph,Me,Ph
807,807,O=C/C(Br)=C(/Cl)c1ccccc1,825,338,338,Cl,Ph,Br,H
808,808,CC(=O)/C(Br)=C(/Cl)c1ccccc1,826,337,337,Cl,Ph,Br,Me
809,809,NC(=O)/C(Br)=C(/Cl)c1ccccc1,827,339,339,Cl,Ph,Br,NH2
810,810,COC(=O)/C(Br)=C(/Cl)c1ccccc1,828,343,343,Cl,Ph,Br,OMe
811,811,CNC(=O)/C(Br)=C(/Cl)c1ccccc1,829,340,340,Cl,Ph,Br,NHMe
812,812,CN(C)C(=O)/C(Br)=C(/Cl)c1ccccc1,830,342,342,Cl,Ph,Br,NMe2
813,813,O=C(Nc1ccccc1)/C(Br)=C(/Cl)c1ccccc1,831,341,341,Cl,Ph,Br,NHPh
814,814,C/C(=C(\C(N)=O)c1ccccc1)c1ccccc1,83,627,627,Ph,Me,Ph,NH2
815,815,O=C(/C(Br)=C(/Cl)c1ccccc1)c1ccccc1,832,344,344,Cl,Ph,Br,Ph
816,816,O=C/C(Cl)=C(/Cl)c1ccccc1,833,330,330,Cl,Ph,Cl,H
817,817,CC(=O)/C(Cl)=C(/Cl)c1ccccc1,834,329,329,Cl,Ph,Cl,Me
818,818,NC(=O)/C(Cl)=C(/Cl)c1ccccc1,835,331,331,Cl,Ph,Cl,NH2
819,819,COC(=O)/C(Cl)=C(/Cl)c1ccccc1,836,335,335,Cl,Ph,Cl,OMe
820,820,CNC(=O)/C(Cl)=C(/Cl)c1ccccc1,837,332,332,Cl,Ph,Cl,NHMe
821,821,CN(C)C(=O)/C(Cl)=C(/Cl)c1ccccc1,838,334,334,Cl,Ph,Cl,NMe2
822,822,O=C(Nc1ccccc1)/C(Cl)=C(/Cl)c1ccccc1,839,333,333,Cl,Ph,Cl,NHPh
823,823,O=C(/C(Cl)=C(/Cl)c1ccccc1)c1ccccc1,840,336,336,Cl,Ph,Cl,Ph
824,824,COC(=O)/C(=C(\C)c1ccccc1)c1ccccc1,84,631,631,Ph,Me,Ph,OMe
825,825,O=C/C(=C/Cl)c1ccccc1,841,386,386,Cl,H,Ph,H
826,826,CC(=O)/C(=C/Cl)c1ccccc1,842,385,385,Cl,H,Ph,Me
827,827,NC(=O)/C(=C/Cl)c1ccccc1,843,387,387,Cl,H,Ph,NH2
828,828,COC(=O)/C(=C/Cl)c1ccccc1,844,391,391,Cl,H,Ph,OMe
829,829,CNC(=O)/C(=C/Cl)c1ccccc1,845,388,388,Cl,H,Ph,NHMe
830,830,CN(C)C(=O)/C(=C/Cl)c1ccccc1,846,390,390,Cl,H,Ph,NMe2
831,831,O=C(Nc1ccccc1)/C(=C/Cl)c1ccccc1,847,389,389,Cl,H,Ph,NHPh
832,832,O=C(/C(=C/Cl)c1ccccc1)c1ccccc1,848,392,392,Cl,H,Ph,Ph
833,833,O=C/C=C/Cl,849,394,394,Cl,H,H,H
834,834,CC(=O)/C=C/Cl,850,393,393,Cl,H,H,Me
835,835,CNC(=O)/C(=C(\C)c1ccccc1)c1ccccc1,85,628,628,Ph,Me,Ph,NHMe
836,836,NC(=O)/C=C/Cl,851,395,395,Cl,H,H,NH2
837,837,COC(=O)/C=C/Cl,852,399,399,Cl,H,H,OMe
838,838,CNC(=O)/C=C/Cl,853,396,396,Cl,H,H,NHMe
839,839,CN(C)C(=O)/C=C/Cl,854,398,398,Cl,H,H,NMe2
840,840,O=C(/C=C/Cl)Nc1ccccc1,855,397,397,Cl,H,H,NHPh
841,841,O=C(/C=C/Cl)c1ccccc1,856,400,400,Cl,H,H,Ph
842,842,C/C(C=O)=C\Cl,857,362,362,Cl,H,Me,H
843,843,CC(=O)/C(C)=C/Cl,858,361,361,Cl,H,Me,Me
844,844,C/C(=C\Cl)C(N)=O,859,363,363,Cl,H,Me,NH2
845,845,COC(=O)/C(C)=C/Cl,860,367,367,Cl,H,Me,OMe
846,846,C/C(=C(\C(=O)N(C)C)c1ccccc1)c1ccccc1,86,630,630,Ph,Me,Ph,NMe2
847,847,CNC(=O)/C(C)=C/Cl,861,364,364,Cl,H,Me,NHMe
848,848,C/C(=C\Cl)C(=O)N(C)C,862,366,366,Cl,H,Me,NMe2
849,849,C/C(=C\Cl)C(=O)Nc1ccccc1,863,365,365,Cl,H,Me,NHPh
850,850,C/C(=C\Cl)C(=O)c1ccccc1,864,368,368,Cl,H,Me,Ph
851,851,O=C/C(Br)=C/Cl,865,378,378,Cl,H,Br,H
852,852,CC(=O)/C(Br)=C/Cl,866,377,377,Cl,H,Br,Me
853,853,NC(=O)/C(Br)=C/Cl,867,379,379,Cl,H,Br,NH2
854,854,COC(=O)/C(Br)=C/Cl,868,383,383,Cl,H,Br,OMe
855,855,CNC(=O)/C(Br)=C/Cl,869,380,380,Cl,H,Br,NHMe
856,856,CN(C)C(=O)/C(Br)=C/Cl,870,382,382,Cl,H,Br,NMe2
857,857,C/C(=C(\C(=O)Nc1ccccc1)c1ccccc1)c1ccccc1,87,629,629,Ph,Me,Ph,NHPh
858,858,O=C(Nc1ccccc1)/C(Br)=C/Cl,871,381,381,Cl,H,Br,NHPh
859,859,O=C(/C(Br)=C/Cl)c1ccccc1,872,384,384,Cl,H,Br,Ph
860,860,O=C/C(Cl)=C/Cl,873,370,370,Cl,H,Cl,H
861,861,CC(=O)/C(Cl)=C/Cl,874,369,369,Cl,H,Cl,Me
862,862,NC(=O)/C(Cl)=C/Cl,875,371,371,Cl,H,Cl,NH2
863,863,COC(=O)/C(Cl)=C/Cl,876,375,375,Cl,H,Cl,OMe
864,864,CNC(=O)/C(Cl)=C/Cl,877,372,372,Cl,H,Cl,NHMe
865,865,CN(C)C(=O)/C(Cl)=C/Cl,878,374,374,Cl,H,Cl,NMe2
866,866,O=C(Nc1ccccc1)/C(Cl)=C/Cl,879,373,373,Cl,H,Cl,NHPh
867,867,O=C(/C(Cl)=C/Cl)c1ccccc1,880,376,376,Cl,H,Cl,Ph
868,868,C/C(Cl)=C(\C=O)c1ccccc1,881,226,226,Cl,Me,Ph,H
869,869,C/C(=C(\C(=O)c1ccccc1)c1ccccc1)c1ccccc1,88,632,632,Ph,Me,Ph,Ph
870,870,CC(=O)/C(=C(\C)Cl)c1ccccc1,882,225,225,Cl,Me,Ph,Me
871,871,C/C(Cl)=C(\C(N)=O)c1ccccc1,883,227,227,Cl,Me,Ph,NH2
872,872,COC(=O)/C(=C(\C)Cl)c1ccccc1,884,231,231,Cl,Me,Ph,OMe
873,873,CNC(=O)/C(=C(\C)Cl)c1ccccc1,885,228,228,Cl,Me,Ph,NHMe
874,874,C/C(Cl)=C(\C(=O)N(C)C)c1ccccc1,886,230,230,Cl,Me,Ph,NMe2
875,875,C/C(Cl)=C(\C(=O)Nc1ccccc1)c1ccccc1,887,229,229,Cl,Me,Ph,NHPh
876,876,C/C(Cl)=C(\C(=O)c1ccccc1)c1ccccc1,888,232,232,Cl,Me,Ph,Ph
877,877,C/C(Cl)=C\C=O,889,234,234,Cl,Me,H,H
878,878,CC(=O)/C=C(\C)Cl,890,233,233,Cl,Me,H,Me
879,879,C/C(=C\C=O)c1ccccc1,89,634,634,Ph,Me,H,H
880,880,C/C(Cl)=C\C(N)=O,891,235,235,Cl,Me,H,NH2
881,881,COC(=O)/C=C(\C)Cl,892,239,239,Cl,Me,H,OMe
882,882,CNC(=O)/C=C(\C)Cl,893,236,236,Cl,Me,H,NHMe
883,883,C/C(Cl)=C\C(=O)N(C)C,894,238,238,Cl,Me,H,NMe2
884,884,C/C(Cl)=C\C(=O)Nc1ccccc1,895,237,237,Cl,Me,H,NHPh
885,885,C/C(Cl)=C\C(=O)c1ccccc1,896,240,240,Cl,Me,H,Ph
886,886,C/C(Cl)=C(/C)C=O,897,202,202,Cl,Me,Me,H
887,887,CC(=O)/C(C)=C(\C)Cl,898,201,201,Cl,Me,Me,Me
888,888,C/C(Cl)=C(/C)C(N)=O,899,203,203,Cl,Me,Me,NH2
889,889,COC(=O)/C(C)=C(\C)Cl,900,207,207,Cl,Me,Me,OMe
890,890,CC(=O)/C=C(\C)c1ccccc1,90,633,633,Ph,Me,H,Me
891,891,CNC(=O)/C(C)=C(\C)Cl,901,204,204,Cl,Me,Me,NHMe
892,892,C/C(Cl)=C(/C)C(=O)N(C)C,902,206,206,Cl,Me,Me,NMe2
893,893,C/C(Cl)=C(/C)C(=O)Nc1ccccc1,903,205,205,Cl,Me,Me,NHPh
894,894,C/C(Cl)=C(/C)C(=O)c1ccccc1,904,208,208,Cl,Me,Me,Ph
895,895,C/C(Cl)=C(/Br)C=O,905,218,218,Cl,Me,Br,H
896,896,CC(=O)/C(Br)=C(\C)Cl,906,217,217,Cl,Me,Br,Me
897,897,C/C(Cl)=C(/Br)C(N)=O,907,219,219,Cl,Me,Br,NH2
898,898,COC(=O)/C(Br)=C(\C)Cl,908,223,223,Cl,Me,Br,OMe
899,899,CNC(=O)/C(Br)=C(\C)Cl,909,220,220,Cl,Me,Br,NHMe
900,900,C/C(Cl)=C(/Br)C(=O)N(C)C,910,222,222,Cl,Me,Br,NMe2
901,901,C/C(=C\C(N)=O)c1ccccc1,91,635,635,Ph,Me,H,NH2
902,902,C/C(Cl)=C(/Br)C(=O)Nc1ccccc1,911,221,221,Cl,Me,Br,NHPh
903,903,C/C(Cl)=C(/Br)C(=O)c1ccccc1,912,224,224,Cl,Me,Br,Ph
904,904,C/C(Cl)=C(/Cl)C=O,913,210,210,Cl,Me,Cl,H
905,905,CC(=O)/C(Cl)=C(\C)Cl,914,209,209,Cl,Me,Cl,Me
906,906,C/C(Cl)=C(/Cl)C(N)=O,915,211,211,Cl,Me,Cl,NH2
907,907,COC(=O)/C(Cl)=C(\C)Cl,916,215,215,Cl,Me,Cl,OMe
908,908,CNC(=O)/C(Cl)=C(\C)Cl,917,212,212,Cl,Me,Cl,NHMe
909,909,C/C(Cl)=C(/Cl)C(=O)N(C)C,918,214,214,Cl,Me,Cl,NMe2
910,910,C/C(Cl)=C(/Cl)C(=O)Nc1ccccc1,919,213,213,Cl,Me,Cl,NHPh
911,911,O=CC=C(c1ccccc1)c1ccccc1,9,754,754,Ph,Ph,H,H
912,912,C/C(Cl)=C(/Cl)C(=O)c1ccccc1,920,216,216,Cl,Me,Cl,Ph
913,913,O=C/C(=C(/Cl)Br)c1ccccc1,921,306,306,Cl,Br,Ph,H
914,914,COC(=O)/C=C(\C)c1ccccc1,92,639,639,Ph,Me,H,OMe
915,915,CC(=O)/C(=C(/Cl)Br)c1ccccc1,922,305,305,Cl,Br,Ph,Me
916,916,NC(=O)/C(=C(/Cl)Br)c1ccccc1,923,307,307,Cl,Br,Ph,NH2
917,917,COC(=O)/C(=C(/Cl)Br)c1ccccc1,924,311,311,Cl,Br,Ph,OMe
918,918,CNC(=O)/C(=C(/Cl)Br)c1ccccc1,925,308,308,Cl,Br,Ph,NHMe
919,919,CN(C)C(=O)/C(=C(/Cl)Br)c1ccccc1,926,310,310,Cl,Br,Ph,NMe2
920,920,O=C(Nc1ccccc1)/C(=C(/Cl)Br)c1ccccc1,927,309,309,Cl,Br,Ph,NHPh
921,921,O=C(/C(=C(/Cl)Br)c1ccccc1)c1ccccc1,928,312,312,Cl,Br,Ph,Ph
922,922,O=C/C=C(/Cl)Br,929,314,314,Cl,Br,H,H
923,923,CC(=O)/C=C(/Cl)Br,930,313,313,Cl,Br,H,Me
924,924,CNC(=O)/C=C(\C)c1ccccc1,93,636,636,Ph,Me,H,NHMe
925,925,NC(=O)/C=C(/Cl)Br,931,315,315,Cl,Br,H,NH2
926,926,COC(=O)/C=C(/Cl)Br,932,319,319,Cl,Br,H,OMe
927,927,CNC(=O)/C=C(/Cl)Br,933,316,316,Cl,Br,H,NHMe
928,928,CN(C)C(=O)/C=C(/Cl)Br,934,318,318,Cl,Br,H,NMe2
929,929,O=C(/C=C(/Cl)Br)Nc1ccccc1,935,317,317,Cl,Br,H,NHPh
930,930,O=C(/C=C(/Cl)Br)c1ccccc1,936,320,320,Cl,Br,H,Ph
931,931,C/C(C=O)=C(\Cl)Br,937,282,282,Cl,Br,Me,H
932,932,CC(=O)/C(C)=C(/Cl)Br,938,281,281,Cl,Br,Me,Me
933,933,C/C(C(N)=O)=C(\Cl)Br,939,283,283,Cl,Br,Me,NH2
934,934,COC(=O)/C(C)=C(/Cl)Br,940,287,287,Cl,Br,Me,OMe
935,935,CNC(=O)/C(C)=C(/Cl)Br,941,284,284,Cl,Br,Me,NHMe
936,936,C/C(=C\C(=O)N(C)C)c1ccccc1,94,638,638,Ph,Me,H,NMe2
937,937,C/C(C(=O)N(C)C)=C(\Cl)Br,942,286,286,Cl,Br,Me,NMe2
938,938,C/C(C(=O)Nc1ccccc1)=C(\Cl)Br,943,285,285,Cl,Br,Me,NHPh
939,939,C/C(C(=O)c1ccccc1)=C(\Cl)Br,944,288,288,Cl,Br,Me,Ph
940,940,O=C/C(Br)=C(/Cl)Br,945,298,298,Cl,Br,Br,H
941,941,CC(=O)/C(Br)=C(/Cl)Br,946,297,297,Cl,Br,Br,Me
942,942,NC(=O)/C(Br)=C(/Cl)Br,947,299,299,Cl,Br,Br,NH2
943,943,COC(=O)/C(Br)=C(/Cl)Br,948,303,303,Cl,Br,Br,OMe
944,944,CNC(=O)/C(Br)=C(/Cl)Br,949,300,300,Cl,Br,Br,NHMe
945,945,CN(C)C(=O)/C(Br)=C(/Cl)Br,950,302,302,Cl,Br,Br,NMe2
946,946,C/C(=C\C(=O)Nc1ccccc1)c1ccccc1,95,637,637,Ph,Me,H,NHPh
947,947,O=C(Nc1ccccc1)/C(Br)=C(/Cl)Br,951,301,301,Cl,Br,Br,NHPh
948,948,O=C(/C(Br)=C(/Cl)Br)c1ccccc1,952,304,304,Cl,Br,Br,Ph
949,949,O=C/C(Cl)=C(/Cl)Br,953,290,290,Cl,Br,Cl,H
950,950,CC(=O)/C(Cl)=C(/Cl)Br,954,289,289,Cl,Br,Cl,Me
951,951,NC(=O)/C(Cl)=C(/Cl)Br,955,291,291,Cl,Br,Cl,NH2
952,952,COC(=O)/C(Cl)=C(/Cl)Br,956,295,295,Cl,Br,Cl,OMe
953,953,CNC(=O)/C(Cl)=C(/Cl)Br,957,292,292,Cl,Br,Cl,NHMe
954,954,CN(C)C(=O)/C(Cl)=C(/Cl)Br,958,294,294,Cl,Br,Cl,NMe2
955,955,O=C(Nc1ccccc1)/C(Cl)=C(/Cl)Br,959,293,293,Cl,Br,Cl,NHPh
956,956,O=C(/C(Cl)=C(/Cl)Br)c1ccccc1,960,296,296,Cl,Br,Cl,Ph
957,957,C/C(=C\C(=O)c1ccccc1)c1ccccc1,96,640,640,Ph,Me,H,Ph
958,958,O=CC(=C(Cl)Cl)c1ccccc1,961,266,266,Cl,Cl,Ph,H
959,959,CC(=O)C(=C(Cl)Cl)c1ccccc1,962,265,265,Cl,Cl,Ph,Me
960,960,NC(=O)C(=C(Cl)Cl)c1ccccc1,963,267,267,Cl,Cl,Ph,NH2
961,961,COC(=O)C(=C(Cl)Cl)c1ccccc1,964,271,271,Cl,Cl,Ph,OMe
962,962,CNC(=O)C(=C(Cl)Cl)c1ccccc1,965,268,268,Cl,Cl,Ph,NHMe
963,963,CN(C)C(=O)C(=C(Cl)Cl)c1ccccc1,966,270,270,Cl,Cl,Ph,NMe2
964,964,O=C(Nc1ccccc1)C(=C(Cl)Cl)c1ccccc1,967,269,269,Cl,Cl,Ph,NHPh
965,965,O=C(C(=C(Cl)Cl)c1ccccc1)c1ccccc1,968,272,272,Cl,Cl,Ph,Ph
966,966,O=CC=C(Cl)Cl,969,274,274,Cl,Cl,H,H
967,967,CC(=O)C=C(Cl)Cl,970,273,273,Cl,Cl,H,Me
968,968,C/C(C=O)=C(/C)c1ccccc1,97,602,602,Ph,Me,Me,H
969,969,NC(=O)C=C(Cl)Cl,971,275,275,Cl,Cl,H,NH2
970,970,COC(=O)C=C(Cl)Cl,972,279,279,Cl,Cl,H,OMe
971,971,CNC(=O)C=C(Cl)Cl,973,276,276,Cl,Cl,H,NHMe
972,972,CN(C)C(=O)C=C(Cl)Cl,974,278,278,Cl,Cl,H,NMe2
973,973,O=C(C=C(Cl)Cl)Nc1ccccc1,975,277,277,Cl,Cl,H,NHPh
974,974,O=C(C=C(Cl)Cl)c1ccccc1,976,280,280,Cl,Cl,H,Ph
975,975,CC(C=O)=C(Cl)Cl,977,242,242,Cl,Cl,Me,H
976,976,CC(=O)C(C)=C(Cl)Cl,978,241,241,Cl,Cl,Me,Me
977,977,CC(C(N)=O)=C(Cl)Cl,979,243,243,Cl,Cl,Me,NH2
978,978,COC(=O)C(C)=C(Cl)Cl,980,247,247,Cl,Cl,Me,OMe
979,979,CNC(=O)C(C)=C(Cl)Cl,981,244,244,Cl,Cl,Me,NHMe
980,980,CC(=O)/C(C)=C(\C)c1ccccc1,98,601,601,Ph,Me,Me,Me
981,981,CC(C(=O)N(C)C)=C(Cl)Cl,982,246,246,Cl,Cl,Me,NMe2
982,982,CC(C(=O)Nc1ccccc1)=C(Cl)Cl,983,245,245,Cl,Cl,Me,NHPh
983,983,CC(C(=O)c1ccccc1)=C(Cl)Cl,984,248,248,Cl,Cl,Me,Ph
984,984,O=CC(Br)=C(Cl)Cl,985,258,258,Cl,Cl,Br,H
985,985,CC(=O)C(Br)=C(Cl)Cl,986,257,257,Cl,Cl,Br,Me
986,986,NC(=O)C(Br)=C(Cl)Cl,987,259,259,Cl,Cl,Br,NH2
987,987,COC(=O)C(Br)=C(Cl)Cl,988,263,263,Cl,Cl,Br,OMe
988,988,CNC(=O)C(Br)=C(Cl)Cl,989,260,260,Cl,Cl,Br,NHMe
989,989,CN(C)C(=O)C(Br)=C(Cl)Cl,990,262,262,Cl,Cl,Br,NMe2
990,990,C/C(C(N)=O)=C(/C)c1ccccc1,99,603,603,Ph,Me,Me,NH2
991,991,O=C(Nc1ccccc1)C(Br)=C(Cl)Cl,991,261,261,Cl,Cl,Br,NHPh
992,992,O=C(C(Br)=C(Cl)Cl)c1ccccc1,992,264,264,Cl,Cl,Br,Ph
993,993,O=CC(Cl)=C(Cl)Cl,993,250,250,Cl,Cl,Cl,H
994,994,CC(=O)C(Cl)=C(Cl)Cl,994,249,249,Cl,Cl,Cl,Me
995,995,NC(=O)C(Cl)=C(Cl)Cl,995,251,251,Cl,Cl,Cl,NH2
996,996,COC(=O)C(Cl)=C(Cl)Cl,996,255,255,Cl,Cl,Cl,OMe
997,997,CNC(=O)C(Cl)=C(Cl)Cl,997,252,252,Cl,Cl,Cl,NHMe
998,998,CN(C)C(=O)C(Cl)=C(Cl)Cl,998,254,254,Cl,Cl,Cl,NMe2
999,999,O=C(Nc1ccccc1)C(Cl)=C(Cl)Cl,999,253,253,Cl,Cl,Cl,NHPh
